-- brand password = kwon
insert into brands (brand_id, name, username, password, email, link, status, create_date, update_date)
values (1, 'kwon1', 'kwon1', '$2a$10$ols0oALJCphdO58Zn5j2r.GIXKZTCsxKQw0XyN17treUmzB9vuJ52', 'kwon@naver.com','www.naver.com', 'Y', now(), now());
insert into brands (brand_id, name, username, password, email, link, status, create_date, update_date)
values (2, 'kwon2', 'kwon2', '$2a$10$ols0oALJCphdO58Zn5j2r.GIXKZTCsxKQw0XyN17treUmzB9vuJ52', 'kwon@naver.com','www.naver.com', 'Y', now(), now());
insert into brands (brand_id, name, username, password, email, link, status, create_date, update_date)
values (3, 'kwon3', 'kwon3', '$2a$10$ols0oALJCphdO58Zn5j2r.GIXKZTCsxKQw0XyN17treUmzB9vuJ52', 'kwon@naver.com', 'www.naver.com', 'Y', now(), now());

-- user
insert into users(user_id, name, email, gender, age,  status, create_date, update_date)
values(1, '카카오닉네임', 'rldh11111@naver.com', 'M', '30', 'Y', now(), now());
insert into users(user_id, name, email, gender, age,  status, create_date, update_date)
values(2, '카카오닉네임', 'rldh11112@naver.com', 'M', '30', 'Y', now(), now());
insert into users(user_id, name, email, gender, age,  status, create_date, update_date)
values(3, '카카오닉네임', 'rldh11113@naver.com', 'M', '30', 'Y', now(), now());


-- admin
insert into admins (admin_id, name, username, password, email,status, create_date, update_date)
values (1, 'kwon1', 'kwon1', '$2a$10$ols0oALJCphdO58Zn5j2r.GIXKZTCsxKQw0XyN17treUmzB9vuJ52', 'kwon1@naver.com', 'Y', now(), now());
insert into admins (admin_id, name, username, password, email, status, create_date, update_date)
values (2, 'kwon2', 'kwon2', '$2a$10$ols0oALJCphdO58Zn5j2r.GIXKZTCsxKQw0XyN17treUmzB9vuJ52', 'kwon2@naver.com', 'Y', now(), now());
insert into admins (admin_id, name, username, password, email, status, create_date, update_date)
values (3, 'kwon3', 'kwon3', '$2a$10$ols0oALJCphdO58Zn5j2r.GIXKZTCsxKQw0XyN17treUmzB9vuJ52', 'kwon3@naver.com', 'Y', now(), now());


-- Influencer
insert into influencers (influencer_id, name, link, status, create_date, update_date)
values (1, '김태희1', 'www.naver.com1', 'Y', now(), now());
insert into influencers (influencer_id, name, link, status, create_date, update_date)
values (2, '김태희2', 'www.naver.com2', 'Y', now(), now());
insert into influencers (influencer_id, name, link, status, create_date, update_date)
values (3, '김태희3', 'www.naver.com3', 'Y', now(), now());


-- MainCateogry
insert into main_categories (main_category_id, name, status, create_date, update_date)
values  (1, '뷰티', 'Y', now(), now());
insert into main_categories (main_category_id, name, status, create_date, update_date)
values  (2, '패션', 'Y', now(), now());
insert into main_categories (main_category_id, name, status, create_date, update_date)
values  (3, '푸드', 'Y', now(), now());
insert into main_categories (main_category_id, name, status, create_date, update_date)
values  (4, '생활', 'Y', now(), now());
insert into main_categories (main_category_id, name, status, create_date, update_date)
values  (5, '여행', 'Y', now(), now());
insert into main_categories (main_category_id, name, status, create_date, update_date)
values  (6, '키즈', 'Y', now(), now());
insert into main_categories (main_category_id, name, status, create_date, update_date)
values  (7, '가전', 'Y', now(), now());
insert into main_categories (main_category_id, name, status, create_date, update_date)
values  (8, '애견', 'Y', now(), now());
insert into main_categories (main_category_id, name, status, create_date, update_date)
values  (9, '기타', 'Y', now(), now());

-- SubCategory
insert into sub_categories (sub_category_id, name, main_category_id, status, create_date, update_date)
values  (1, '스킨케어', 1, 'Y', now(), now());
insert into sub_categories (sub_category_id, name, main_category_id, status, create_date, update_date)
values  (2, '마스크/팩', 1, 'Y', now(), now());
insert into sub_categories (sub_category_id, name, main_category_id, status, create_date, update_date)
values  (3, '헤어케어', 1, 'Y', now(), now());
insert into sub_categories (sub_category_id, name, main_category_id, status, create_date, update_date)
values  (4, '바디케어', 1, 'Y', now(), now());
insert into sub_categories (sub_category_id, name, main_category_id, status, create_date, update_date)
values  (6, '선케어', 1, 'Y', now(), now());
insert into sub_categories (sub_category_id, name, main_category_id, status, create_date, update_date)
values  (7, '클랜징', 1, 'Y', now(), now());
insert into sub_categories (sub_category_id, name, main_category_id, status, create_date, update_date)
values  (8, '베이스메이크업', 1, 'Y', now(), now());
insert into sub_categories (sub_category_id, name, main_category_id, status, create_date, update_date)
values  (9, '향수', 1, 'Y', now(), now());

insert into sub_categories (sub_category_id, name, main_category_id, status, create_date, update_date)
values  (10, '모자', 2, 'Y', now(), now());
insert into sub_categories (sub_category_id, name, main_category_id, status, create_date, update_date)
values  (11, '상의', 2, 'Y', now(), now());
insert into sub_categories (sub_category_id, name, main_category_id, status, create_date, update_date)
values  (12, '바지', 2, 'Y', now(), now());

insert into sub_categories (sub_category_id, name, main_category_id, status, create_date, update_date)
values  (13, '족발', 3, 'Y', now(), now());
insert into sub_categories (sub_category_id, name, main_category_id, status, create_date, update_date)
values  (14, '과자', 3, 'Y', now(), now());
insert into sub_categories (sub_category_id, name, main_category_id, status, create_date, update_date)
values  (15, '음료', 3, 'Y', now(), now());



-- main_image
insert into main_images (main_image_id, name, link, status, create_date, update_date)
values (1, '메인이미지1', 'data:image/png;base64,iVBORw0KGgoAAAANSUhEUgAAAOEAAADhCAMAAAAJbSJIAAABR1BMVEX522H2pS8AAAD////53Wn3wzH8qTADBAb7qDD/4mQAAAT/4GP/rDEVEAtNNRT/4WSRx98AAAgzJxNOTk7y1mD+yTLnnC/eli72oyZgQxnMiyukcCXxozC5fiiNfTv12GF7VR3VkCympqaYaCL2oBiXhj/Pt1Q3MhrDrU/qzl17bjWgbSOkkURWPBaHXR8pHg2vdya1oUrZwFciHxNYdoLR0dFxcXH3r0xGPh9cUijMoi0uKhd7YhxuYi9xThtALhOLvdNDWWMuIA5YTygrOD29vb3w8PCVlZV/cTYbFQtpSRseHh5mZmaHh4c4ODj71635w37848bpuDFiTxqPciM/MxNOPxXBmSulgyVvWhxAOR7dry6ffiMpJhg2R09qj594o7Voi5uMv9ac1u9PanYnJydVVVX4uWf96dH6z5v3s1X+9er6z54WYm93AAATuUlEQVR4nO2d7X/aRhKA0XIWEggIDpYMlmwofiO2MbbrxK5j3Nh1Epxr0kvrXi693vUuTe/S3P//+XZmJdDLCoRWguN+zIfEvIl92NmZ2dnZVeYP/++S+X+XBeH8y4Jw/mVBOP+yIJx/WRDOvywI518WhPMvC8L5lwXh/MuCcP5lQTj/siCcf1kQzr8sCOdfFoTzLwvC+ZcF4fzLgnD+ZUE4/7IgnH9ZEM6/LAjnXxaE8y8LwvmXBeH8y4Jw/mVBOP+yIJx/mT5huTzd75s+4f56e6rfN23C8j4hF+o0v3HahNUiIeSoMMVvnDKhuk4Byc/T/MopE7YJyv4UrU36hOV2ezDu1EeE5O8JqVSdZwqZ45RpUycs7BKy5Yy7Y9p/T3+i/6zb0Or2z+Qy3VGZOiF0G7lpY0ep5/Tvtyvf039ZJ6pboLPpeo/0+3AfR96RWi6o8OcPK0vQiTcZ+rh9Bi+dpes80ifcZsbl/Ojokv5XfLu0tPKU/nGxf7TOXllPdyCmb2ls82nLVytLVO7dT+3O+TjMqBeEfP8jg9lhgEtLf2GPi/D8RrrfPwVCamruV/789P7+6Z+XbMCllZ9++PH++3dLVF/P5t1bYCSae7sCsuQS9sRy6sNwGjENOMGflrjyNv1hOA3CaoWQdys8wJV3qXvDhAkLqrrRrmZU1dMtZer1nvIJqcHZ8XjDQllVq+1qmXrPpBqVHGGhcLx/vnNS7F+8f3RUdbUQTM0On/DQOwzLme2tm4s+vcTZ+u5GQuMzKcJC+ei928ldbg/6pnBEH3OH4U+eYViubp24rlBZbycS7CREqO46jcs7LTxvu+Ptrzid6B2GdnjnvsR6JgFdTYaw/AhbtNyyDF1vdnvYxsquM4EgfFMD0duZzVBo3+AlSq26oRv1tRqLEBKYWiVCuIERdK+pyYoiSYoiK9YyTnQZokpf/svKiu0S3759u2Q/KBLykiEUjiG7ke/o9BISvYSsmXs5uMS2sKYmQggj8LCJbbNFUVpDREhd3H/17ofv7w/7RZLPk2L/5P7Hp399NyAotKHXD3R5eAVJNnuIKKqoCRCqMGc4MF18IFodGr2rltXq7jkJlcujY3AuO/TPjuy/xBrouqi/FCcsg6k8kCW/yE2KWNle/zkcz6HchWHc0QKX0LpEfPooTgj5wRMz0DraPstFkT8sdfa6VpNaIipG3Vpr1ZaLrjfUNIVziQ595UjM2ggTopGvB1qnaHrrym58rrdX1zVNpnZIcYapIsvUmjStjvOmYq/OYZSpE9oRa6A4Ie2Iml9HFbl5Z/fdwZpBYTj9w0hl2bR6h+y9y5YUuBDogVhsLkqISQpfFypy/YC1udSl5p8P5367VG8wL3+4pvjfTukfCY1EYULIlnlbpRmMr9/SeWMrBNIqsQ91vf0t05FYnCkhJAhrbiso6w1s6lU3oHJjIJs99sG6+3OopkIOQ5jwDBzZsEFaF0ORa0uJ2H0uGM1gjD3TdcEmfeJ4loRlGs+0Bg2SddS1QyuqegYYMR7NW0Ot0IlgXCNM6O5DuYsGozOZfnoY5fo1XOJOcn6imROqdErQYECKgkpWMoLBySSMUgfVoGlftD5zLaUB1yEiyQb++nvxFNQlsoETky67KsSmQi0U9hYQlerQlDqYmGsjtoIORZHQHKPyaweikalwTFMlaGowSCY9SbQDmbCQtkYvZtD/92ca06BDLJraHmpoAh3IRG5CJFcytYaoO0wgLoWwrQOjhVhCJsYrig4heQnsjFjQlsDsSbXnt/lmYj2IiJId24qmjBOY47dxmpdPwsZ4hU1PRKsakshibCXfgygKBDjC5UUJZDFwkTcFQIoIivpy5lkMVNJ6GoCSZIK5OZqxpYHA1I4/khfFhED3eKb+EMu4OGmypBBh8tTnr4NXo4ELEqI3vEpHRVEwLr3k6Gn5ZcQphyDhBg1GK3oyoRpfNPAZvGLGnyOuj4sRYsGTlWIXUjGpJStWA1+9USQ3kUyQECHq6F26gCxTE4zcIOKPVKci1ofvqavnpbsTFa3HsadQEBgtGy5CiHPDtZS7kAq4jBsfDC4HvY9iaoQIK9SOpmllbJH3AonvwjEhfxssUKZFWOavWKQhdLK44+3EHUIe/A1W79IkzJzQCVxqvt4tctfbieXMDSF/f/A1fXYrM64wJT4hrhtOpwsl6dqVrSlgWcSvHx48+BpSQ+frW2kRUkW5mkoX2pGNbU6P9yES/vIByNfPcAo5cnEqNiH6QmtKXShJjk+0Mwq/fEDCD7/Ag7ORWYCIhIW2/yoQzvRT94WOwBIUFvirWPZBcr8g4d9h/jimsCgiYTtP/IET8SzJsHbwWzey6dGexTkGRqfV7aP997aa0h7sjy1HiUYIKumN5DGmaHqV1LwrcuS6OwJRXrvmfeYuoBwynQuzOLRQKKvbFxTxw4McybXHOv3ohN68LMQUJ147I/dInicjDC7tGv5Hev5fBb2+ax8KVdavv4y0ZhORcN8fN22cBJRUucrneELWwgm7hPuRfD9gpA2vzazmyDevIqVSoxHCCpMn+OUt31NrwO8QI9ziGiEf8Y9w+P08Mwz0xpEWpSIRQhRIXavrB4Pl+4AlVVoljtRGRQVyvcb7TIvzzgYhF+5G0aG4k1jkXb4hr770xLnQqQcBTZI1noz0mQr3Ixzb5F/QhwRRpHx/BMJCmVqVf3z4hpD1DbXAfjY1n+Q6TCTRvdkMGCdbicwPC+ox7a9nNEL6SK3n5T6bdR5PMSa1Rcu5NsFlcJIfKeE/hrDc3oWp5jMIIP45DALRG+pTBZS0mtcUqBF3244mxFk8OleMcz/COgKMBfAe/ekCSnLLW9hf2N6PwBeRMPcPQITp2Dmzz+pLamimq6SSQucXfXfoWIi2KDVOS4+3cVPdr1RJc7CEYBsa+lwg7PC2J7RaL+77sSojxlriOEsDUSBshPzywzNXzqB8Fgy7vc2x9vYmWVCUjb09awyhEa/uJIo/LGDSYLh5NwMJZ1clVFBMLI1qRZ4f4wyXXI2ejOn5WLVD0aK2as63QEIfd8O1Sq5BuJmPPEGmCggh7ZihDYQxSk2jEWJazdWFmdHzeyOPMXg+UFkbItoBi9lHOyC9GOs0hogz4KovGzKSkM6J2AzhKhqgpB3ahCODCLOfJiGkR9x2bDRh7D40Rr0rXUKYS7h90WgtlQ+wE6OPQ4u9vzR6HKaqpeD63YSjLY2kYxFf9KVhGXfYXI+OA1O1NHROf4lZDGdleYy3UKRupxUsz8A9CCCBAmK52epYY4riUvUWGXb4UeHccbnU4zdGVuH7YxQFNmvVu61G767XaFl1U/O9Pj4GStHjD6RatPNRuLbVbxmRakkBTjK6DfcOGUIOO5YhacHeDL9MSlGbR9pORk9l+w1JqWuGbhahL5gm7gDqtg4OCU+ua7Q3YZ+QaUqBjRZekWWoHeasdidKiDMNzEfhLguUfK/O1S+t2SlV8jysIu/JfO6gE1o9TXXAWKvBxXZi1LhN1IewE/asXCiwGXDfbl2/Y8i+DlD0gyDFw29vT7NMTm+/fR18A7f+VqHDt+NswT2PUR4VmbCgViGbQcj7o22WfLPqNadtPm1VDH9H/fbi9HnWK89vXzz0vcsfelPzo3drrmtFSszEJdylk146h/oVvuimUCZQs67pa87WM3JXlwaQJg67149ffEHl9jQA58I8vb2FN714/BF/KffPpEn1zvIArgJaEeeQsIiEGHqTZ3Sq/w0oSxmyibAZSJaNjmNFqLYycwELReTVaSgWX27hGnZ6nJopvXs37LzlTl2KaUojxzS7+E04D36/684Iw86zu4G2rpnUgZjwZ3i/hckp/VRRQ8PSbJWGqnmwRn85BTZbxjoFLaqWFsrtox0ch48gk+HJ6lNj0B20qGZJkLv9YmLAbPZbuKamW72hDV5uWJK9vfsqZsX3BLa0gHu27XRXte+J2xTFaDnaegiDJwYgduLdwQAvX9ozhmPblxBOhZBZULsOCaKaQ48Dk5X68Mf/GIcw6zKruYaluwM7zHPEqmmfyB+CfbG/Bb2/b1GJDsmu7QcfxiLMOZ1Ho3ZfGKENVkhTJaT2ZRg3EV66TZGZtv4WixDPVbjr6sEoCRNt8Q6UnIxwl5w4f+MisB8Q9Ql+7niEr2BjPzeaBweUjxGUTkpIEQfTl/BqE7B6f4xF+NG349Z1zTy/UjhxQvdpKuWLsKIvaksfxyJ8HUaIZV8x91nGr4kqhFV9Qcz2bSzCh9zjJ+wf7X3MTQkClXsbfX6DoGw5HuFvhJ+MwvXfuAfXilRfbvE70czFJXxMpxe8HlSoVlzE3XQhVAXNr6DVKwKEyxxA9Paxj44QqhGGCUew4gkIXyRJaFaGpy1NlxArdYOV7GJaKmuBg3ga8Q2pKCH6xJ47/gaB7HscwtvHENP0acjmScBhji2mLxQmZFlFe0eJIst1a23NamqxPP4LV9h95TmTgf5geYF9pInsCsLus5ysTZFavuKEfKfEK1eDBWTcbSFyzJDozi6Y+9PIRraWvU2cbIp/y+YUV41Op8ZSeHlbMzCaORfZKCu8Ow9ywy3pjvhkImOKPZjfoxNCmQbedXbCyR7Eb1g5m4sXcidEiAXtdpb3oFvXjXrreuJOxA8PjmxRtCZm8KCqDOIjwSPbxPfjt+2J/Z2Bdh6mwfDwVXREyM/U3P5BkbAbqaJC+ifKxpg0CTMqVhXlXOZPNjBlcxsR8Dl9b8XnVdEH5nUwXoIHDiSxWx3UdNlzIKCiYz7idTTGL3iRkQwjG7TjZuanCqKpOfSdKYgWEFT1cQTIh3CwhhQQlro7Ez4LO5HTzPKBOmdt6DxePX5xe/qcNyqfPz+9fYGBTC8478VQBk6nnznhGeHtk2VFTi7Jvfr4+vXDobx+/fFVbvAqryZAYx5IIF5LhBC7kJfLgNxYY++KRJMmb1nNYK8JHpsoSoiBKa99kHcoabJuNUr9kXCH1/QfbkGbZoeBsz3bZCOkC7F5FVxmkU293m11GrXS1fJQrkq1Rmuv29Tx4CsuoWKfnSmop2KEGJZyd/3gCtugrXjSpb8en1WdwC4Dvzd0PmbHErOMadBVcOt80NSMLOJy3hhOKLMANXaWLQlC2NbBL9VSumED1I/RCd3xjtcQDkzFCOHuHPxaYRxEUfYrYMFXCCFMLMBnzG72hMOQX54XmRA7KkSdYWbRqAmaUzHC/dDWIWEULcXYJaSIESKjK7iQyIltQoToDUOWUqBreCcDB97YDIlpJBZ+98Giipy6J0ZIQ7ZrPiHa0lzNksYW5OmhYxnHaN6kmLmZZaIuQo82QX9IcMHTGFGfB0V9Od42OHYR2DhqCKw7CRPCUd4hP782qJeigVmja5gKcA5I8bhrzdStVgnc+mEIP7ocwaMThQjBWYQU0sLO5KthoQ3Jle46XavehDJEUzealtXquSoW+dtMmbkyhzcYmAlhyC5EKMpuaJpkNXxpxqBUQk0NcznwY8Up2UuCEKpPQs6nMezuVWRJ7zaucny4/GFtrw7VzfxNVIxQKwkFbikRehw+NSd602o1asu5ik2WPyn1Ot2mAaNTLrFpyCjCnf85Qow23SH5oIhdMk3TW8+OcRs3/MFooDlrQv44hNWZ5agl3KDRnEwNILb6LVmJXSwkThhuS2Hi04i6Ow9MSYW/10LW6DjOzdCWhvtDaW0tIp+dewzdvoFh3az8IcQ0YXub3GHM6gi8VXMVD/PKhW0+xGEqcKK3cFwaPMEiIE++cyNuvvnTpuuhmf3XKkKEKYNcFLuBsBjho9DZqxvpT1kX4eqTLGVyv5g1V2HpPySuQRVen9XcIrQsyi2r32Wz/xn22ua/s9nPA8LVf2Wz2X9vYojNP/oN19dmNgNGYzrOZK5+phBPHCbgzWbfOMSb8GL20yZ4F3LHUXgZInihg3YFs4k7hBRHA26+AYbh0EMkR083/8NWMEzFyHOHIq7iz3INGAu/Rp2SRCXrQXrDHn5GYhiTWdanMqZ/fbtmFBPnYDNdA26HT+7sLvzkQfo9O2CS2Jhk8mSVreUcNoeJD0W2cEFgtmvAasjdtoaEn22GT14k6FQ2JrO2FrOj+cld0wlg7XvrCAIKr67h/YyDq2uOv0dbycTVoXanrrrWEqXhPb6KvU6r1bE3cFQinP2YLiHbLuS/Z4BStxOJ4O6Gemm610ffOGMSBfyJHNzxdlkVvgFiInd/oC7Dc4gc7OBhs/ZNF8QTFy7qrfsBukjFV3h0fpzAfToTqFTAm09W9kzN2ZUF+T+25uYaadSx/54dIczYKrAzs0/ypHKVwBBESYAwc4k/eO6uC+lvs97B+iHsQ1+vjRLHY+KCI+ybzYsfqY+SBKF6NNgNlHMSMsx5r34ej+aoqTscB1kWXJFxJAnCTKG6XvGZCFyJWB2plz753TvHgnDtYvxXj5dECGk3tvfPBnSVAeGn8WAD+eQjhKqoJG4snxAhdRtqdXv/5aNH60fHxzGGoTt0ZYQwZxQKSG1JjDDDTlxSy4XykDD6MAwMRMwkCt9INpMsoSPtAeEEgBjWeIIGksyd5dMgrDpJRnM8lku8poadOpuAMU2D8A9O6uzJeCyXfOc1NbpYim3YGvFLBES1/eFEzoKGpl5C2BEe7Q4WoyUtwsbkhG98poYIJYIHkhZhb3It9RFqRLw+GCQVwoqzU3IiQp9D1CoJlF5mUiI8sVfmJ/KHAcL/5T7csSdPnjnupIRSUpbmvy5kAlc35Y6iAAAAAElFTkSuQmCC', 'Y', now(), now());
insert into main_images (main_image_id, name, link, status, create_date, update_date)
values (2, '메인이미지2', 'data:image/png;base64,iVBORw0KGgoAAAANSUhEUgAAAOEAAADhCAMAAAAJbSJIAAABR1BMVEX522H2pS8AAAD////53Wn3wzH8qTADBAb7qDD/4mQAAAT/4GP/rDEVEAtNNRT/4WSRx98AAAgzJxNOTk7y1mD+yTLnnC/eli72oyZgQxnMiyukcCXxozC5fiiNfTv12GF7VR3VkCympqaYaCL2oBiXhj/Pt1Q3MhrDrU/qzl17bjWgbSOkkURWPBaHXR8pHg2vdya1oUrZwFciHxNYdoLR0dFxcXH3r0xGPh9cUijMoi0uKhd7YhxuYi9xThtALhOLvdNDWWMuIA5YTygrOD29vb3w8PCVlZV/cTYbFQtpSRseHh5mZmaHh4c4ODj71635w37848bpuDFiTxqPciM/MxNOPxXBmSulgyVvWhxAOR7dry6ffiMpJhg2R09qj594o7Voi5uMv9ac1u9PanYnJydVVVX4uWf96dH6z5v3s1X+9er6z54WYm93AAATuUlEQVR4nO2d7X/aRhKA0XIWEggIDpYMlmwofiO2MbbrxK5j3Nh1Epxr0kvrXi693vUuTe/S3P//+XZmJdDLCoRWguN+zIfEvIl92NmZ2dnZVeYP/++S+X+XBeH8y4Jw/mVBOP+yIJx/WRDOvywI518WhPMvC8L5lwXh/MuCcP5lQTj/siCcf1kQzr8sCOdfFoTzLwvC+ZcF4fzLgnD+ZUE4/7IgnH9ZEM6/LAjnXxaE8y8LwvmXBeH8y4Jw/mVBOP+yIJx/mT5huTzd75s+4f56e6rfN23C8j4hF+o0v3HahNUiIeSoMMVvnDKhuk4Byc/T/MopE7YJyv4UrU36hOV2ezDu1EeE5O8JqVSdZwqZ45RpUycs7BKy5Yy7Y9p/T3+i/6zb0Or2z+Qy3VGZOiF0G7lpY0ep5/Tvtyvf039ZJ6pboLPpeo/0+3AfR96RWi6o8OcPK0vQiTcZ+rh9Bi+dpes80ifcZsbl/Ojokv5XfLu0tPKU/nGxf7TOXllPdyCmb2ls82nLVytLVO7dT+3O+TjMqBeEfP8jg9lhgEtLf2GPi/D8RrrfPwVCamruV/789P7+6Z+XbMCllZ9++PH++3dLVF/P5t1bYCSae7sCsuQS9sRy6sNwGjENOMGflrjyNv1hOA3CaoWQdys8wJV3qXvDhAkLqrrRrmZU1dMtZer1nvIJqcHZ8XjDQllVq+1qmXrPpBqVHGGhcLx/vnNS7F+8f3RUdbUQTM0On/DQOwzLme2tm4s+vcTZ+u5GQuMzKcJC+ei928ldbg/6pnBEH3OH4U+eYViubp24rlBZbycS7CREqO46jcs7LTxvu+Ptrzid6B2GdnjnvsR6JgFdTYaw/AhbtNyyDF1vdnvYxsquM4EgfFMD0duZzVBo3+AlSq26oRv1tRqLEBKYWiVCuIERdK+pyYoiSYoiK9YyTnQZokpf/svKiu0S3759u2Q/KBLykiEUjiG7ke/o9BISvYSsmXs5uMS2sKYmQggj8LCJbbNFUVpDREhd3H/17ofv7w/7RZLPk2L/5P7Hp399NyAotKHXD3R5eAVJNnuIKKqoCRCqMGc4MF18IFodGr2rltXq7jkJlcujY3AuO/TPjuy/xBrouqi/FCcsg6k8kCW/yE2KWNle/zkcz6HchWHc0QKX0LpEfPooTgj5wRMz0DraPstFkT8sdfa6VpNaIipG3Vpr1ZaLrjfUNIVziQ595UjM2ggTopGvB1qnaHrrym58rrdX1zVNpnZIcYapIsvUmjStjvOmYq/OYZSpE9oRa6A4Ie2Iml9HFbl5Z/fdwZpBYTj9w0hl2bR6h+y9y5YUuBDogVhsLkqISQpfFypy/YC1udSl5p8P5367VG8wL3+4pvjfTukfCY1EYULIlnlbpRmMr9/SeWMrBNIqsQ91vf0t05FYnCkhJAhrbiso6w1s6lU3oHJjIJs99sG6+3OopkIOQ5jwDBzZsEFaF0ORa0uJ2H0uGM1gjD3TdcEmfeJ4loRlGs+0Bg2SddS1QyuqegYYMR7NW0Ot0IlgXCNM6O5DuYsGozOZfnoY5fo1XOJOcn6imROqdErQYECKgkpWMoLBySSMUgfVoGlftD5zLaUB1yEiyQb++nvxFNQlsoETky67KsSmQi0U9hYQlerQlDqYmGsjtoIORZHQHKPyaweikalwTFMlaGowSCY9SbQDmbCQtkYvZtD/92ca06BDLJraHmpoAh3IRG5CJFcytYaoO0wgLoWwrQOjhVhCJsYrig4heQnsjFjQlsDsSbXnt/lmYj2IiJId24qmjBOY47dxmpdPwsZ4hU1PRKsakshibCXfgygKBDjC5UUJZDFwkTcFQIoIivpy5lkMVNJ6GoCSZIK5OZqxpYHA1I4/khfFhED3eKb+EMu4OGmypBBh8tTnr4NXo4ELEqI3vEpHRVEwLr3k6Gn5ZcQphyDhBg1GK3oyoRpfNPAZvGLGnyOuj4sRYsGTlWIXUjGpJStWA1+9USQ3kUyQECHq6F26gCxTE4zcIOKPVKci1ofvqavnpbsTFa3HsadQEBgtGy5CiHPDtZS7kAq4jBsfDC4HvY9iaoQIK9SOpmllbJH3AonvwjEhfxssUKZFWOavWKQhdLK44+3EHUIe/A1W79IkzJzQCVxqvt4tctfbieXMDSF/f/A1fXYrM64wJT4hrhtOpwsl6dqVrSlgWcSvHx48+BpSQ+frW2kRUkW5mkoX2pGNbU6P9yES/vIByNfPcAo5cnEqNiH6QmtKXShJjk+0Mwq/fEDCD7/Ag7ORWYCIhIW2/yoQzvRT94WOwBIUFvirWPZBcr8g4d9h/jimsCgiYTtP/IET8SzJsHbwWzey6dGexTkGRqfV7aP997aa0h7sjy1HiUYIKumN5DGmaHqV1LwrcuS6OwJRXrvmfeYuoBwynQuzOLRQKKvbFxTxw4McybXHOv3ohN68LMQUJ147I/dInicjDC7tGv5Hev5fBb2+ax8KVdavv4y0ZhORcN8fN22cBJRUucrneELWwgm7hPuRfD9gpA2vzazmyDevIqVSoxHCCpMn+OUt31NrwO8QI9ziGiEf8Y9w+P08Mwz0xpEWpSIRQhRIXavrB4Pl+4AlVVoljtRGRQVyvcb7TIvzzgYhF+5G0aG4k1jkXb4hr770xLnQqQcBTZI1noz0mQr3Ixzb5F/QhwRRpHx/BMJCmVqVf3z4hpD1DbXAfjY1n+Q6TCTRvdkMGCdbicwPC+ox7a9nNEL6SK3n5T6bdR5PMSa1Rcu5NsFlcJIfKeE/hrDc3oWp5jMIIP45DALRG+pTBZS0mtcUqBF3244mxFk8OleMcz/COgKMBfAe/ekCSnLLW9hf2N6PwBeRMPcPQITp2Dmzz+pLamimq6SSQucXfXfoWIi2KDVOS4+3cVPdr1RJc7CEYBsa+lwg7PC2J7RaL+77sSojxlriOEsDUSBshPzywzNXzqB8Fgy7vc2x9vYmWVCUjb09awyhEa/uJIo/LGDSYLh5NwMJZ1clVFBMLI1qRZ4f4wyXXI2ejOn5WLVD0aK2as63QEIfd8O1Sq5BuJmPPEGmCggh7ZihDYQxSk2jEWJazdWFmdHzeyOPMXg+UFkbItoBi9lHOyC9GOs0hogz4KovGzKSkM6J2AzhKhqgpB3ahCODCLOfJiGkR9x2bDRh7D40Rr0rXUKYS7h90WgtlQ+wE6OPQ4u9vzR6HKaqpeD63YSjLY2kYxFf9KVhGXfYXI+OA1O1NHROf4lZDGdleYy3UKRupxUsz8A9CCCBAmK52epYY4riUvUWGXb4UeHccbnU4zdGVuH7YxQFNmvVu61G767XaFl1U/O9Pj4GStHjD6RatPNRuLbVbxmRakkBTjK6DfcOGUIOO5YhacHeDL9MSlGbR9pORk9l+w1JqWuGbhahL5gm7gDqtg4OCU+ua7Q3YZ+QaUqBjRZekWWoHeasdidKiDMNzEfhLguUfK/O1S+t2SlV8jysIu/JfO6gE1o9TXXAWKvBxXZi1LhN1IewE/asXCiwGXDfbl2/Y8i+DlD0gyDFw29vT7NMTm+/fR18A7f+VqHDt+NswT2PUR4VmbCgViGbQcj7o22WfLPqNadtPm1VDH9H/fbi9HnWK89vXzz0vcsfelPzo3drrmtFSszEJdylk146h/oVvuimUCZQs67pa87WM3JXlwaQJg67149ffEHl9jQA58I8vb2FN714/BF/KffPpEn1zvIArgJaEeeQsIiEGHqTZ3Sq/w0oSxmyibAZSJaNjmNFqLYycwELReTVaSgWX27hGnZ6nJopvXs37LzlTl2KaUojxzS7+E04D36/684Iw86zu4G2rpnUgZjwZ3i/hckp/VRRQ8PSbJWGqnmwRn85BTZbxjoFLaqWFsrtox0ch48gk+HJ6lNj0B20qGZJkLv9YmLAbPZbuKamW72hDV5uWJK9vfsqZsX3BLa0gHu27XRXte+J2xTFaDnaegiDJwYgduLdwQAvX9ozhmPblxBOhZBZULsOCaKaQ48Dk5X68Mf/GIcw6zKruYaluwM7zHPEqmmfyB+CfbG/Bb2/b1GJDsmu7QcfxiLMOZ1Ho3ZfGKENVkhTJaT2ZRg3EV66TZGZtv4WixDPVbjr6sEoCRNt8Q6UnIxwl5w4f+MisB8Q9Ql+7niEr2BjPzeaBweUjxGUTkpIEQfTl/BqE7B6f4xF+NG349Z1zTy/UjhxQvdpKuWLsKIvaksfxyJ8HUaIZV8x91nGr4kqhFV9Qcz2bSzCh9zjJ+wf7X3MTQkClXsbfX6DoGw5HuFvhJ+MwvXfuAfXilRfbvE70czFJXxMpxe8HlSoVlzE3XQhVAXNr6DVKwKEyxxA9Paxj44QqhGGCUew4gkIXyRJaFaGpy1NlxArdYOV7GJaKmuBg3ga8Q2pKCH6xJ47/gaB7HscwtvHENP0acjmScBhji2mLxQmZFlFe0eJIst1a23NamqxPP4LV9h95TmTgf5geYF9pInsCsLus5ysTZFavuKEfKfEK1eDBWTcbSFyzJDozi6Y+9PIRraWvU2cbIp/y+YUV41Op8ZSeHlbMzCaORfZKCu8Ow9ywy3pjvhkImOKPZjfoxNCmQbedXbCyR7Eb1g5m4sXcidEiAXtdpb3oFvXjXrreuJOxA8PjmxRtCZm8KCqDOIjwSPbxPfjt+2J/Z2Bdh6mwfDwVXREyM/U3P5BkbAbqaJC+ifKxpg0CTMqVhXlXOZPNjBlcxsR8Dl9b8XnVdEH5nUwXoIHDiSxWx3UdNlzIKCiYz7idTTGL3iRkQwjG7TjZuanCqKpOfSdKYgWEFT1cQTIh3CwhhQQlro7Ez4LO5HTzPKBOmdt6DxePX5xe/qcNyqfPz+9fYGBTC8478VQBk6nnznhGeHtk2VFTi7Jvfr4+vXDobx+/fFVbvAqryZAYx5IIF5LhBC7kJfLgNxYY++KRJMmb1nNYK8JHpsoSoiBKa99kHcoabJuNUr9kXCH1/QfbkGbZoeBsz3bZCOkC7F5FVxmkU293m11GrXS1fJQrkq1Rmuv29Tx4CsuoWKfnSmop2KEGJZyd/3gCtugrXjSpb8en1WdwC4Dvzd0PmbHErOMadBVcOt80NSMLOJy3hhOKLMANXaWLQlC2NbBL9VSumED1I/RCd3xjtcQDkzFCOHuHPxaYRxEUfYrYMFXCCFMLMBnzG72hMOQX54XmRA7KkSdYWbRqAmaUzHC/dDWIWEULcXYJaSIESKjK7iQyIltQoToDUOWUqBreCcDB97YDIlpJBZ+98Giipy6J0ZIQ7ZrPiHa0lzNksYW5OmhYxnHaN6kmLmZZaIuQo82QX9IcMHTGFGfB0V9Od42OHYR2DhqCKw7CRPCUd4hP782qJeigVmja5gKcA5I8bhrzdStVgnc+mEIP7ocwaMThQjBWYQU0sLO5KthoQ3Jle46XavehDJEUzealtXquSoW+dtMmbkyhzcYmAlhyC5EKMpuaJpkNXxpxqBUQk0NcznwY8Up2UuCEKpPQs6nMezuVWRJ7zaucny4/GFtrw7VzfxNVIxQKwkFbikRehw+NSd602o1asu5ik2WPyn1Ot2mAaNTLrFpyCjCnf85Qow23SH5oIhdMk3TW8+OcRs3/MFooDlrQv44hNWZ5agl3KDRnEwNILb6LVmJXSwkThhuS2Hi04i6Ow9MSYW/10LW6DjOzdCWhvtDaW0tIp+dewzdvoFh3az8IcQ0YXub3GHM6gi8VXMVD/PKhW0+xGEqcKK3cFwaPMEiIE++cyNuvvnTpuuhmf3XKkKEKYNcFLuBsBjho9DZqxvpT1kX4eqTLGVyv5g1V2HpPySuQRVen9XcIrQsyi2r32Wz/xn22ua/s9nPA8LVf2Wz2X9vYojNP/oN19dmNgNGYzrOZK5+phBPHCbgzWbfOMSb8GL20yZ4F3LHUXgZInihg3YFs4k7hBRHA26+AYbh0EMkR083/8NWMEzFyHOHIq7iz3INGAu/Rp2SRCXrQXrDHn5GYhiTWdanMqZ/fbtmFBPnYDNdA26HT+7sLvzkQfo9O2CS2Jhk8mSVreUcNoeJD0W2cEFgtmvAasjdtoaEn22GT14k6FQ2JrO2FrOj+cld0wlg7XvrCAIKr67h/YyDq2uOv0dbycTVoXanrrrWEqXhPb6KvU6r1bE3cFQinP2YLiHbLuS/Z4BStxOJ4O6Gemm610ffOGMSBfyJHNzxdlkVvgFiInd/oC7Dc4gc7OBhs/ZNF8QTFy7qrfsBukjFV3h0fpzAfToTqFTAm09W9kzN2ZUF+T+25uYaadSx/54dIczYKrAzs0/ypHKVwBBESYAwc4k/eO6uC+lvs97B+iHsQ1+vjRLHY+KCI+ybzYsfqY+SBKF6NNgNlHMSMsx5r34ej+aoqTscB1kWXJFxJAnCTKG6XvGZCFyJWB2plz753TvHgnDtYvxXj5dECGk3tvfPBnSVAeGn8WAD+eQjhKqoJG4snxAhdRtqdXv/5aNH60fHxzGGoTt0ZYQwZxQKSG1JjDDDTlxSy4XykDD6MAwMRMwkCt9INpMsoSPtAeEEgBjWeIIGksyd5dMgrDpJRnM8lku8poadOpuAMU2D8A9O6uzJeCyXfOc1NbpYim3YGvFLBES1/eFEzoKGpl5C2BEe7Q4WoyUtwsbkhG98poYIJYIHkhZhb3It9RFqRLw+GCQVwoqzU3IiQp9D1CoJlF5mUiI8sVfmJ/KHAcL/5T7csSdPnjnupIRSUpbmvy5kAlc35Y6iAAAAAElFTkSuQmCC', 'Y', now(), now());
insert into main_images (main_image_id, name, link, status, create_date, update_date)
values (3, '메인이미지3', 'data:image/png;base64,iVBORw0KGgoAAAANSUhEUgAAAOEAAADhCAMAAAAJbSJIAAABR1BMVEX522H2pS8AAAD////53Wn3wzH8qTADBAb7qDD/4mQAAAT/4GP/rDEVEAtNNRT/4WSRx98AAAgzJxNOTk7y1mD+yTLnnC/eli72oyZgQxnMiyukcCXxozC5fiiNfTv12GF7VR3VkCympqaYaCL2oBiXhj/Pt1Q3MhrDrU/qzl17bjWgbSOkkURWPBaHXR8pHg2vdya1oUrZwFciHxNYdoLR0dFxcXH3r0xGPh9cUijMoi0uKhd7YhxuYi9xThtALhOLvdNDWWMuIA5YTygrOD29vb3w8PCVlZV/cTYbFQtpSRseHh5mZmaHh4c4ODj71635w37848bpuDFiTxqPciM/MxNOPxXBmSulgyVvWhxAOR7dry6ffiMpJhg2R09qj594o7Voi5uMv9ac1u9PanYnJydVVVX4uWf96dH6z5v3s1X+9er6z54WYm93AAATuUlEQVR4nO2d7X/aRhKA0XIWEggIDpYMlmwofiO2MbbrxK5j3Nh1Epxr0kvrXi693vUuTe/S3P//+XZmJdDLCoRWguN+zIfEvIl92NmZ2dnZVeYP/++S+X+XBeH8y4Jw/mVBOP+yIJx/WRDOvywI518WhPMvC8L5lwXh/MuCcP5lQTj/siCcf1kQzr8sCOdfFoTzLwvC+ZcF4fzLgnD+ZUE4/7IgnH9ZEM6/LAjnXxaE8y8LwvmXBeH8y4Jw/mVBOP+yIJx/mT5huTzd75s+4f56e6rfN23C8j4hF+o0v3HahNUiIeSoMMVvnDKhuk4Byc/T/MopE7YJyv4UrU36hOV2ezDu1EeE5O8JqVSdZwqZ45RpUycs7BKy5Yy7Y9p/T3+i/6zb0Or2z+Qy3VGZOiF0G7lpY0ep5/Tvtyvf039ZJ6pboLPpeo/0+3AfR96RWi6o8OcPK0vQiTcZ+rh9Bi+dpes80ifcZsbl/Ojokv5XfLu0tPKU/nGxf7TOXllPdyCmb2ls82nLVytLVO7dT+3O+TjMqBeEfP8jg9lhgEtLf2GPi/D8RrrfPwVCamruV/789P7+6Z+XbMCllZ9++PH++3dLVF/P5t1bYCSae7sCsuQS9sRy6sNwGjENOMGflrjyNv1hOA3CaoWQdys8wJV3qXvDhAkLqrrRrmZU1dMtZer1nvIJqcHZ8XjDQllVq+1qmXrPpBqVHGGhcLx/vnNS7F+8f3RUdbUQTM0On/DQOwzLme2tm4s+vcTZ+u5GQuMzKcJC+ei928ldbg/6pnBEH3OH4U+eYViubp24rlBZbycS7CREqO46jcs7LTxvu+Ptrzid6B2GdnjnvsR6JgFdTYaw/AhbtNyyDF1vdnvYxsquM4EgfFMD0duZzVBo3+AlSq26oRv1tRqLEBKYWiVCuIERdK+pyYoiSYoiK9YyTnQZokpf/svKiu0S3759u2Q/KBLykiEUjiG7ke/o9BISvYSsmXs5uMS2sKYmQggj8LCJbbNFUVpDREhd3H/17ofv7w/7RZLPk2L/5P7Hp399NyAotKHXD3R5eAVJNnuIKKqoCRCqMGc4MF18IFodGr2rltXq7jkJlcujY3AuO/TPjuy/xBrouqi/FCcsg6k8kCW/yE2KWNle/zkcz6HchWHc0QKX0LpEfPooTgj5wRMz0DraPstFkT8sdfa6VpNaIipG3Vpr1ZaLrjfUNIVziQ595UjM2ggTopGvB1qnaHrrym58rrdX1zVNpnZIcYapIsvUmjStjvOmYq/OYZSpE9oRa6A4Ie2Iml9HFbl5Z/fdwZpBYTj9w0hl2bR6h+y9y5YUuBDogVhsLkqISQpfFypy/YC1udSl5p8P5367VG8wL3+4pvjfTukfCY1EYULIlnlbpRmMr9/SeWMrBNIqsQ91vf0t05FYnCkhJAhrbiso6w1s6lU3oHJjIJs99sG6+3OopkIOQ5jwDBzZsEFaF0ORa0uJ2H0uGM1gjD3TdcEmfeJ4loRlGs+0Bg2SddS1QyuqegYYMR7NW0Ot0IlgXCNM6O5DuYsGozOZfnoY5fo1XOJOcn6imROqdErQYECKgkpWMoLBySSMUgfVoGlftD5zLaUB1yEiyQb++nvxFNQlsoETky67KsSmQi0U9hYQlerQlDqYmGsjtoIORZHQHKPyaweikalwTFMlaGowSCY9SbQDmbCQtkYvZtD/92ca06BDLJraHmpoAh3IRG5CJFcytYaoO0wgLoWwrQOjhVhCJsYrig4heQnsjFjQlsDsSbXnt/lmYj2IiJId24qmjBOY47dxmpdPwsZ4hU1PRKsakshibCXfgygKBDjC5UUJZDFwkTcFQIoIivpy5lkMVNJ6GoCSZIK5OZqxpYHA1I4/khfFhED3eKb+EMu4OGmypBBh8tTnr4NXo4ELEqI3vEpHRVEwLr3k6Gn5ZcQphyDhBg1GK3oyoRpfNPAZvGLGnyOuj4sRYsGTlWIXUjGpJStWA1+9USQ3kUyQECHq6F26gCxTE4zcIOKPVKci1ofvqavnpbsTFa3HsadQEBgtGy5CiHPDtZS7kAq4jBsfDC4HvY9iaoQIK9SOpmllbJH3AonvwjEhfxssUKZFWOavWKQhdLK44+3EHUIe/A1W79IkzJzQCVxqvt4tctfbieXMDSF/f/A1fXYrM64wJT4hrhtOpwsl6dqVrSlgWcSvHx48+BpSQ+frW2kRUkW5mkoX2pGNbU6P9yES/vIByNfPcAo5cnEqNiH6QmtKXShJjk+0Mwq/fEDCD7/Ag7ORWYCIhIW2/yoQzvRT94WOwBIUFvirWPZBcr8g4d9h/jimsCgiYTtP/IET8SzJsHbwWzey6dGexTkGRqfV7aP997aa0h7sjy1HiUYIKumN5DGmaHqV1LwrcuS6OwJRXrvmfeYuoBwynQuzOLRQKKvbFxTxw4McybXHOv3ohN68LMQUJ147I/dInicjDC7tGv5Hev5fBb2+ax8KVdavv4y0ZhORcN8fN22cBJRUucrneELWwgm7hPuRfD9gpA2vzazmyDevIqVSoxHCCpMn+OUt31NrwO8QI9ziGiEf8Y9w+P08Mwz0xpEWpSIRQhRIXavrB4Pl+4AlVVoljtRGRQVyvcb7TIvzzgYhF+5G0aG4k1jkXb4hr770xLnQqQcBTZI1noz0mQr3Ixzb5F/QhwRRpHx/BMJCmVqVf3z4hpD1DbXAfjY1n+Q6TCTRvdkMGCdbicwPC+ox7a9nNEL6SK3n5T6bdR5PMSa1Rcu5NsFlcJIfKeE/hrDc3oWp5jMIIP45DALRG+pTBZS0mtcUqBF3244mxFk8OleMcz/COgKMBfAe/ekCSnLLW9hf2N6PwBeRMPcPQITp2Dmzz+pLamimq6SSQucXfXfoWIi2KDVOS4+3cVPdr1RJc7CEYBsa+lwg7PC2J7RaL+77sSojxlriOEsDUSBshPzywzNXzqB8Fgy7vc2x9vYmWVCUjb09awyhEa/uJIo/LGDSYLh5NwMJZ1clVFBMLI1qRZ4f4wyXXI2ejOn5WLVD0aK2as63QEIfd8O1Sq5BuJmPPEGmCggh7ZihDYQxSk2jEWJazdWFmdHzeyOPMXg+UFkbItoBi9lHOyC9GOs0hogz4KovGzKSkM6J2AzhKhqgpB3ahCODCLOfJiGkR9x2bDRh7D40Rr0rXUKYS7h90WgtlQ+wE6OPQ4u9vzR6HKaqpeD63YSjLY2kYxFf9KVhGXfYXI+OA1O1NHROf4lZDGdleYy3UKRupxUsz8A9CCCBAmK52epYY4riUvUWGXb4UeHccbnU4zdGVuH7YxQFNmvVu61G767XaFl1U/O9Pj4GStHjD6RatPNRuLbVbxmRakkBTjK6DfcOGUIOO5YhacHeDL9MSlGbR9pORk9l+w1JqWuGbhahL5gm7gDqtg4OCU+ua7Q3YZ+QaUqBjRZekWWoHeasdidKiDMNzEfhLguUfK/O1S+t2SlV8jysIu/JfO6gE1o9TXXAWKvBxXZi1LhN1IewE/asXCiwGXDfbl2/Y8i+DlD0gyDFw29vT7NMTm+/fR18A7f+VqHDt+NswT2PUR4VmbCgViGbQcj7o22WfLPqNadtPm1VDH9H/fbi9HnWK89vXzz0vcsfelPzo3drrmtFSszEJdylk146h/oVvuimUCZQs67pa87WM3JXlwaQJg67149ffEHl9jQA58I8vb2FN714/BF/KffPpEn1zvIArgJaEeeQsIiEGHqTZ3Sq/w0oSxmyibAZSJaNjmNFqLYycwELReTVaSgWX27hGnZ6nJopvXs37LzlTl2KaUojxzS7+E04D36/684Iw86zu4G2rpnUgZjwZ3i/hckp/VRRQ8PSbJWGqnmwRn85BTZbxjoFLaqWFsrtox0ch48gk+HJ6lNj0B20qGZJkLv9YmLAbPZbuKamW72hDV5uWJK9vfsqZsX3BLa0gHu27XRXte+J2xTFaDnaegiDJwYgduLdwQAvX9ozhmPblxBOhZBZULsOCaKaQ48Dk5X68Mf/GIcw6zKruYaluwM7zHPEqmmfyB+CfbG/Bb2/b1GJDsmu7QcfxiLMOZ1Ho3ZfGKENVkhTJaT2ZRg3EV66TZGZtv4WixDPVbjr6sEoCRNt8Q6UnIxwl5w4f+MisB8Q9Ql+7niEr2BjPzeaBweUjxGUTkpIEQfTl/BqE7B6f4xF+NG349Z1zTy/UjhxQvdpKuWLsKIvaksfxyJ8HUaIZV8x91nGr4kqhFV9Qcz2bSzCh9zjJ+wf7X3MTQkClXsbfX6DoGw5HuFvhJ+MwvXfuAfXilRfbvE70czFJXxMpxe8HlSoVlzE3XQhVAXNr6DVKwKEyxxA9Paxj44QqhGGCUew4gkIXyRJaFaGpy1NlxArdYOV7GJaKmuBg3ga8Q2pKCH6xJ47/gaB7HscwtvHENP0acjmScBhji2mLxQmZFlFe0eJIst1a23NamqxPP4LV9h95TmTgf5geYF9pInsCsLus5ysTZFavuKEfKfEK1eDBWTcbSFyzJDozi6Y+9PIRraWvU2cbIp/y+YUV41Op8ZSeHlbMzCaORfZKCu8Ow9ywy3pjvhkImOKPZjfoxNCmQbedXbCyR7Eb1g5m4sXcidEiAXtdpb3oFvXjXrreuJOxA8PjmxRtCZm8KCqDOIjwSPbxPfjt+2J/Z2Bdh6mwfDwVXREyM/U3P5BkbAbqaJC+ifKxpg0CTMqVhXlXOZPNjBlcxsR8Dl9b8XnVdEH5nUwXoIHDiSxWx3UdNlzIKCiYz7idTTGL3iRkQwjG7TjZuanCqKpOfSdKYgWEFT1cQTIh3CwhhQQlro7Ez4LO5HTzPKBOmdt6DxePX5xe/qcNyqfPz+9fYGBTC8478VQBk6nnznhGeHtk2VFTi7Jvfr4+vXDobx+/fFVbvAqryZAYx5IIF5LhBC7kJfLgNxYY++KRJMmb1nNYK8JHpsoSoiBKa99kHcoabJuNUr9kXCH1/QfbkGbZoeBsz3bZCOkC7F5FVxmkU293m11GrXS1fJQrkq1Rmuv29Tx4CsuoWKfnSmop2KEGJZyd/3gCtugrXjSpb8en1WdwC4Dvzd0PmbHErOMadBVcOt80NSMLOJy3hhOKLMANXaWLQlC2NbBL9VSumED1I/RCd3xjtcQDkzFCOHuHPxaYRxEUfYrYMFXCCFMLMBnzG72hMOQX54XmRA7KkSdYWbRqAmaUzHC/dDWIWEULcXYJaSIESKjK7iQyIltQoToDUOWUqBreCcDB97YDIlpJBZ+98Giipy6J0ZIQ7ZrPiHa0lzNksYW5OmhYxnHaN6kmLmZZaIuQo82QX9IcMHTGFGfB0V9Od42OHYR2DhqCKw7CRPCUd4hP782qJeigVmja5gKcA5I8bhrzdStVgnc+mEIP7ocwaMThQjBWYQU0sLO5KthoQ3Jle46XavehDJEUzealtXquSoW+dtMmbkyhzcYmAlhyC5EKMpuaJpkNXxpxqBUQk0NcznwY8Up2UuCEKpPQs6nMezuVWRJ7zaucny4/GFtrw7VzfxNVIxQKwkFbikRehw+NSd602o1asu5ik2WPyn1Ot2mAaNTLrFpyCjCnf85Qow23SH5oIhdMk3TW8+OcRs3/MFooDlrQv44hNWZ5agl3KDRnEwNILb6LVmJXSwkThhuS2Hi04i6Ow9MSYW/10LW6DjOzdCWhvtDaW0tIp+dewzdvoFh3az8IcQ0YXub3GHM6gi8VXMVD/PKhW0+xGEqcKK3cFwaPMEiIE++cyNuvvnTpuuhmf3XKkKEKYNcFLuBsBjho9DZqxvpT1kX4eqTLGVyv5g1V2HpPySuQRVen9XcIrQsyi2r32Wz/xn22ua/s9nPA8LVf2Wz2X9vYojNP/oN19dmNgNGYzrOZK5+phBPHCbgzWbfOMSb8GL20yZ4F3LHUXgZInihg3YFs4k7hBRHA26+AYbh0EMkR083/8NWMEzFyHOHIq7iz3INGAu/Rp2SRCXrQXrDHn5GYhiTWdanMqZ/fbtmFBPnYDNdA26HT+7sLvzkQfo9O2CS2Jhk8mSVreUcNoeJD0W2cEFgtmvAasjdtoaEn22GT14k6FQ2JrO2FrOj+cld0wlg7XvrCAIKr67h/YyDq2uOv0dbycTVoXanrrrWEqXhPb6KvU6r1bE3cFQinP2YLiHbLuS/Z4BStxOJ4O6Gemm610ffOGMSBfyJHNzxdlkVvgFiInd/oC7Dc4gc7OBhs/ZNF8QTFy7qrfsBukjFV3h0fpzAfToTqFTAm09W9kzN2ZUF+T+25uYaadSx/54dIczYKrAzs0/ypHKVwBBESYAwc4k/eO6uC+lvs97B+iHsQ1+vjRLHY+KCI+ybzYsfqY+SBKF6NNgNlHMSMsx5r34ej+aoqTscB1kWXJFxJAnCTKG6XvGZCFyJWB2plz753TvHgnDtYvxXj5dECGk3tvfPBnSVAeGn8WAD+eQjhKqoJG4snxAhdRtqdXv/5aNH60fHxzGGoTt0ZYQwZxQKSG1JjDDDTlxSy4XykDD6MAwMRMwkCt9INpMsoSPtAeEEgBjWeIIGksyd5dMgrDpJRnM8lku8poadOpuAMU2D8A9O6uzJeCyXfOc1NbpYim3YGvFLBES1/eFEzoKGpl5C2BEe7Q4WoyUtwsbkhG98poYIJYIHkhZhb3It9RFqRLw+GCQVwoqzU3IiQp9D1CoJlF5mUiI8sVfmJ/KHAcL/5T7csSdPnjnupIRSUpbmvy5kAlc35Y6iAAAAAElFTkSuQmCC', 'Y', now(), now());
insert into main_images (main_image_id, name, link, status, create_date, update_date)
values (4, '메인이미지4', 'data:image/png;base64,iVBORw0KGgoAAAANSUhEUgAAAOEAAADhCAMAAAAJbSJIAAABR1BMVEX522H2pS8AAAD////53Wn3wzH8qTADBAb7qDD/4mQAAAT/4GP/rDEVEAtNNRT/4WSRx98AAAgzJxNOTk7y1mD+yTLnnC/eli72oyZgQxnMiyukcCXxozC5fiiNfTv12GF7VR3VkCympqaYaCL2oBiXhj/Pt1Q3MhrDrU/qzl17bjWgbSOkkURWPBaHXR8pHg2vdya1oUrZwFciHxNYdoLR0dFxcXH3r0xGPh9cUijMoi0uKhd7YhxuYi9xThtALhOLvdNDWWMuIA5YTygrOD29vb3w8PCVlZV/cTYbFQtpSRseHh5mZmaHh4c4ODj71635w37848bpuDFiTxqPciM/MxNOPxXBmSulgyVvWhxAOR7dry6ffiMpJhg2R09qj594o7Voi5uMv9ac1u9PanYnJydVVVX4uWf96dH6z5v3s1X+9er6z54WYm93AAATuUlEQVR4nO2d7X/aRhKA0XIWEggIDpYMlmwofiO2MbbrxK5j3Nh1Epxr0kvrXi693vUuTe/S3P//+XZmJdDLCoRWguN+zIfEvIl92NmZ2dnZVeYP/++S+X+XBeH8y4Jw/mVBOP+yIJx/WRDOvywI518WhPMvC8L5lwXh/MuCcP5lQTj/siCcf1kQzr8sCOdfFoTzLwvC+ZcF4fzLgnD+ZUE4/7IgnH9ZEM6/LAjnXxaE8y8LwvmXBeH8y4Jw/mVBOP+yIJx/mT5huTzd75s+4f56e6rfN23C8j4hF+o0v3HahNUiIeSoMMVvnDKhuk4Byc/T/MopE7YJyv4UrU36hOV2ezDu1EeE5O8JqVSdZwqZ45RpUycs7BKy5Yy7Y9p/T3+i/6zb0Or2z+Qy3VGZOiF0G7lpY0ep5/Tvtyvf039ZJ6pboLPpeo/0+3AfR96RWi6o8OcPK0vQiTcZ+rh9Bi+dpes80ifcZsbl/Ojokv5XfLu0tPKU/nGxf7TOXllPdyCmb2ls82nLVytLVO7dT+3O+TjMqBeEfP8jg9lhgEtLf2GPi/D8RrrfPwVCamruV/789P7+6Z+XbMCllZ9++PH++3dLVF/P5t1bYCSae7sCsuQS9sRy6sNwGjENOMGflrjyNv1hOA3CaoWQdys8wJV3qXvDhAkLqrrRrmZU1dMtZer1nvIJqcHZ8XjDQllVq+1qmXrPpBqVHGGhcLx/vnNS7F+8f3RUdbUQTM0On/DQOwzLme2tm4s+vcTZ+u5GQuMzKcJC+ei928ldbg/6pnBEH3OH4U+eYViubp24rlBZbycS7CREqO46jcs7LTxvu+Ptrzid6B2GdnjnvsR6JgFdTYaw/AhbtNyyDF1vdnvYxsquM4EgfFMD0duZzVBo3+AlSq26oRv1tRqLEBKYWiVCuIERdK+pyYoiSYoiK9YyTnQZokpf/svKiu0S3759u2Q/KBLykiEUjiG7ke/o9BISvYSsmXs5uMS2sKYmQggj8LCJbbNFUVpDREhd3H/17ofv7w/7RZLPk2L/5P7Hp399NyAotKHXD3R5eAVJNnuIKKqoCRCqMGc4MF18IFodGr2rltXq7jkJlcujY3AuO/TPjuy/xBrouqi/FCcsg6k8kCW/yE2KWNle/zkcz6HchWHc0QKX0LpEfPooTgj5wRMz0DraPstFkT8sdfa6VpNaIipG3Vpr1ZaLrjfUNIVziQ595UjM2ggTopGvB1qnaHrrym58rrdX1zVNpnZIcYapIsvUmjStjvOmYq/OYZSpE9oRa6A4Ie2Iml9HFbl5Z/fdwZpBYTj9w0hl2bR6h+y9y5YUuBDogVhsLkqISQpfFypy/YC1udSl5p8P5367VG8wL3+4pvjfTukfCY1EYULIlnlbpRmMr9/SeWMrBNIqsQ91vf0t05FYnCkhJAhrbiso6w1s6lU3oHJjIJs99sG6+3OopkIOQ5jwDBzZsEFaF0ORa0uJ2H0uGM1gjD3TdcEmfeJ4loRlGs+0Bg2SddS1QyuqegYYMR7NW0Ot0IlgXCNM6O5DuYsGozOZfnoY5fo1XOJOcn6imROqdErQYECKgkpWMoLBySSMUgfVoGlftD5zLaUB1yEiyQb++nvxFNQlsoETky67KsSmQi0U9hYQlerQlDqYmGsjtoIORZHQHKPyaweikalwTFMlaGowSCY9SbQDmbCQtkYvZtD/92ca06BDLJraHmpoAh3IRG5CJFcytYaoO0wgLoWwrQOjhVhCJsYrig4heQnsjFjQlsDsSbXnt/lmYj2IiJId24qmjBOY47dxmpdPwsZ4hU1PRKsakshibCXfgygKBDjC5UUJZDFwkTcFQIoIivpy5lkMVNJ6GoCSZIK5OZqxpYHA1I4/khfFhED3eKb+EMu4OGmypBBh8tTnr4NXo4ELEqI3vEpHRVEwLr3k6Gn5ZcQphyDhBg1GK3oyoRpfNPAZvGLGnyOuj4sRYsGTlWIXUjGpJStWA1+9USQ3kUyQECHq6F26gCxTE4zcIOKPVKci1ofvqavnpbsTFa3HsadQEBgtGy5CiHPDtZS7kAq4jBsfDC4HvY9iaoQIK9SOpmllbJH3AonvwjEhfxssUKZFWOavWKQhdLK44+3EHUIe/A1W79IkzJzQCVxqvt4tctfbieXMDSF/f/A1fXYrM64wJT4hrhtOpwsl6dqVrSlgWcSvHx48+BpSQ+frW2kRUkW5mkoX2pGNbU6P9yES/vIByNfPcAo5cnEqNiH6QmtKXShJjk+0Mwq/fEDCD7/Ag7ORWYCIhIW2/yoQzvRT94WOwBIUFvirWPZBcr8g4d9h/jimsCgiYTtP/IET8SzJsHbwWzey6dGexTkGRqfV7aP997aa0h7sjy1HiUYIKumN5DGmaHqV1LwrcuS6OwJRXrvmfeYuoBwynQuzOLRQKKvbFxTxw4McybXHOv3ohN68LMQUJ147I/dInicjDC7tGv5Hev5fBb2+ax8KVdavv4y0ZhORcN8fN22cBJRUucrneELWwgm7hPuRfD9gpA2vzazmyDevIqVSoxHCCpMn+OUt31NrwO8QI9ziGiEf8Y9w+P08Mwz0xpEWpSIRQhRIXavrB4Pl+4AlVVoljtRGRQVyvcb7TIvzzgYhF+5G0aG4k1jkXb4hr770xLnQqQcBTZI1noz0mQr3Ixzb5F/QhwRRpHx/BMJCmVqVf3z4hpD1DbXAfjY1n+Q6TCTRvdkMGCdbicwPC+ox7a9nNEL6SK3n5T6bdR5PMSa1Rcu5NsFlcJIfKeE/hrDc3oWp5jMIIP45DALRG+pTBZS0mtcUqBF3244mxFk8OleMcz/COgKMBfAe/ekCSnLLW9hf2N6PwBeRMPcPQITp2Dmzz+pLamimq6SSQucXfXfoWIi2KDVOS4+3cVPdr1RJc7CEYBsa+lwg7PC2J7RaL+77sSojxlriOEsDUSBshPzywzNXzqB8Fgy7vc2x9vYmWVCUjb09awyhEa/uJIo/LGDSYLh5NwMJZ1clVFBMLI1qRZ4f4wyXXI2ejOn5WLVD0aK2as63QEIfd8O1Sq5BuJmPPEGmCggh7ZihDYQxSk2jEWJazdWFmdHzeyOPMXg+UFkbItoBi9lHOyC9GOs0hogz4KovGzKSkM6J2AzhKhqgpB3ahCODCLOfJiGkR9x2bDRh7D40Rr0rXUKYS7h90WgtlQ+wE6OPQ4u9vzR6HKaqpeD63YSjLY2kYxFf9KVhGXfYXI+OA1O1NHROf4lZDGdleYy3UKRupxUsz8A9CCCBAmK52epYY4riUvUWGXb4UeHccbnU4zdGVuH7YxQFNmvVu61G767XaFl1U/O9Pj4GStHjD6RatPNRuLbVbxmRakkBTjK6DfcOGUIOO5YhacHeDL9MSlGbR9pORk9l+w1JqWuGbhahL5gm7gDqtg4OCU+ua7Q3YZ+QaUqBjRZekWWoHeasdidKiDMNzEfhLguUfK/O1S+t2SlV8jysIu/JfO6gE1o9TXXAWKvBxXZi1LhN1IewE/asXCiwGXDfbl2/Y8i+DlD0gyDFw29vT7NMTm+/fR18A7f+VqHDt+NswT2PUR4VmbCgViGbQcj7o22WfLPqNadtPm1VDH9H/fbi9HnWK89vXzz0vcsfelPzo3drrmtFSszEJdylk146h/oVvuimUCZQs67pa87WM3JXlwaQJg67149ffEHl9jQA58I8vb2FN714/BF/KffPpEn1zvIArgJaEeeQsIiEGHqTZ3Sq/w0oSxmyibAZSJaNjmNFqLYycwELReTVaSgWX27hGnZ6nJopvXs37LzlTl2KaUojxzS7+E04D36/684Iw86zu4G2rpnUgZjwZ3i/hckp/VRRQ8PSbJWGqnmwRn85BTZbxjoFLaqWFsrtox0ch48gk+HJ6lNj0B20qGZJkLv9YmLAbPZbuKamW72hDV5uWJK9vfsqZsX3BLa0gHu27XRXte+J2xTFaDnaegiDJwYgduLdwQAvX9ozhmPblxBOhZBZULsOCaKaQ48Dk5X68Mf/GIcw6zKruYaluwM7zHPEqmmfyB+CfbG/Bb2/b1GJDsmu7QcfxiLMOZ1Ho3ZfGKENVkhTJaT2ZRg3EV66TZGZtv4WixDPVbjr6sEoCRNt8Q6UnIxwl5w4f+MisB8Q9Ql+7niEr2BjPzeaBweUjxGUTkpIEQfTl/BqE7B6f4xF+NG349Z1zTy/UjhxQvdpKuWLsKIvaksfxyJ8HUaIZV8x91nGr4kqhFV9Qcz2bSzCh9zjJ+wf7X3MTQkClXsbfX6DoGw5HuFvhJ+MwvXfuAfXilRfbvE70czFJXxMpxe8HlSoVlzE3XQhVAXNr6DVKwKEyxxA9Paxj44QqhGGCUew4gkIXyRJaFaGpy1NlxArdYOV7GJaKmuBg3ga8Q2pKCH6xJ47/gaB7HscwtvHENP0acjmScBhji2mLxQmZFlFe0eJIst1a23NamqxPP4LV9h95TmTgf5geYF9pInsCsLus5ysTZFavuKEfKfEK1eDBWTcbSFyzJDozi6Y+9PIRraWvU2cbIp/y+YUV41Op8ZSeHlbMzCaORfZKCu8Ow9ywy3pjvhkImOKPZjfoxNCmQbedXbCyR7Eb1g5m4sXcidEiAXtdpb3oFvXjXrreuJOxA8PjmxRtCZm8KCqDOIjwSPbxPfjt+2J/Z2Bdh6mwfDwVXREyM/U3P5BkbAbqaJC+ifKxpg0CTMqVhXlXOZPNjBlcxsR8Dl9b8XnVdEH5nUwXoIHDiSxWx3UdNlzIKCiYz7idTTGL3iRkQwjG7TjZuanCqKpOfSdKYgWEFT1cQTIh3CwhhQQlro7Ez4LO5HTzPKBOmdt6DxePX5xe/qcNyqfPz+9fYGBTC8478VQBk6nnznhGeHtk2VFTi7Jvfr4+vXDobx+/fFVbvAqryZAYx5IIF5LhBC7kJfLgNxYY++KRJMmb1nNYK8JHpsoSoiBKa99kHcoabJuNUr9kXCH1/QfbkGbZoeBsz3bZCOkC7F5FVxmkU293m11GrXS1fJQrkq1Rmuv29Tx4CsuoWKfnSmop2KEGJZyd/3gCtugrXjSpb8en1WdwC4Dvzd0PmbHErOMadBVcOt80NSMLOJy3hhOKLMANXaWLQlC2NbBL9VSumED1I/RCd3xjtcQDkzFCOHuHPxaYRxEUfYrYMFXCCFMLMBnzG72hMOQX54XmRA7KkSdYWbRqAmaUzHC/dDWIWEULcXYJaSIESKjK7iQyIltQoToDUOWUqBreCcDB97YDIlpJBZ+98Giipy6J0ZIQ7ZrPiHa0lzNksYW5OmhYxnHaN6kmLmZZaIuQo82QX9IcMHTGFGfB0V9Od42OHYR2DhqCKw7CRPCUd4hP782qJeigVmja5gKcA5I8bhrzdStVgnc+mEIP7ocwaMThQjBWYQU0sLO5KthoQ3Jle46XavehDJEUzealtXquSoW+dtMmbkyhzcYmAlhyC5EKMpuaJpkNXxpxqBUQk0NcznwY8Up2UuCEKpPQs6nMezuVWRJ7zaucny4/GFtrw7VzfxNVIxQKwkFbikRehw+NSd602o1asu5ik2WPyn1Ot2mAaNTLrFpyCjCnf85Qow23SH5oIhdMk3TW8+OcRs3/MFooDlrQv44hNWZ5agl3KDRnEwNILb6LVmJXSwkThhuS2Hi04i6Ow9MSYW/10LW6DjOzdCWhvtDaW0tIp+dewzdvoFh3az8IcQ0YXub3GHM6gi8VXMVD/PKhW0+xGEqcKK3cFwaPMEiIE++cyNuvvnTpuuhmf3XKkKEKYNcFLuBsBjho9DZqxvpT1kX4eqTLGVyv5g1V2HpPySuQRVen9XcIrQsyi2r32Wz/xn22ua/s9nPA8LVf2Wz2X9vYojNP/oN19dmNgNGYzrOZK5+phBPHCbgzWbfOMSb8GL20yZ4F3LHUXgZInihg3YFs4k7hBRHA26+AYbh0EMkR083/8NWMEzFyHOHIq7iz3INGAu/Rp2SRCXrQXrDHn5GYhiTWdanMqZ/fbtmFBPnYDNdA26HT+7sLvzkQfo9O2CS2Jhk8mSVreUcNoeJD0W2cEFgtmvAasjdtoaEn22GT14k6FQ2JrO2FrOj+cld0wlg7XvrCAIKr67h/YyDq2uOv0dbycTVoXanrrrWEqXhPb6KvU6r1bE3cFQinP2YLiHbLuS/Z4BStxOJ4O6Gemm610ffOGMSBfyJHNzxdlkVvgFiInd/oC7Dc4gc7OBhs/ZNF8QTFy7qrfsBukjFV3h0fpzAfToTqFTAm09W9kzN2ZUF+T+25uYaadSx/54dIczYKrAzs0/ypHKVwBBESYAwc4k/eO6uC+lvs97B+iHsQ1+vjRLHY+KCI+ybzYsfqY+SBKF6NNgNlHMSMsx5r34ej+aoqTscB1kWXJFxJAnCTKG6XvGZCFyJWB2plz753TvHgnDtYvxXj5dECGk3tvfPBnSVAeGn8WAD+eQjhKqoJG4snxAhdRtqdXv/5aNH60fHxzGGoTt0ZYQwZxQKSG1JjDDDTlxSy4XykDD6MAwMRMwkCt9INpMsoSPtAeEEgBjWeIIGksyd5dMgrDpJRnM8lku8poadOpuAMU2D8A9O6uzJeCyXfOc1NbpYim3YGvFLBES1/eFEzoKGpl5C2BEe7Q4WoyUtwsbkhG98poYIJYIHkhZhb3It9RFqRLw+GCQVwoqzU3IiQp9D1CoJlF5mUiI8sVfmJ/KHAcL/5T7csSdPnjnupIRSUpbmvy5kAlc35Y6iAAAAAElFTkSuQmCC', 'Y', now(), now());
insert into main_images (main_image_id, name, link, status, create_date, update_date)
values (5, '메인이미지3', 'data:image/png;base64,iVBORw0KGgoAAAANSUhEUgAAAOEAAADhCAMAAAAJbSJIAAABR1BMVEX522H2pS8AAAD////53Wn3wzH8qTADBAb7qDD/4mQAAAT/4GP/rDEVEAtNNRT/4WSRx98AAAgzJxNOTk7y1mD+yTLnnC/eli72oyZgQxnMiyukcCXxozC5fiiNfTv12GF7VR3VkCympqaYaCL2oBiXhj/Pt1Q3MhrDrU/qzl17bjWgbSOkkURWPBaHXR8pHg2vdya1oUrZwFciHxNYdoLR0dFxcXH3r0xGPh9cUijMoi0uKhd7YhxuYi9xThtALhOLvdNDWWMuIA5YTygrOD29vb3w8PCVlZV/cTYbFQtpSRseHh5mZmaHh4c4ODj71635w37848bpuDFiTxqPciM/MxNOPxXBmSulgyVvWhxAOR7dry6ffiMpJhg2R09qj594o7Voi5uMv9ac1u9PanYnJydVVVX4uWf96dH6z5v3s1X+9er6z54WYm93AAATuUlEQVR4nO2d7X/aRhKA0XIWEggIDpYMlmwofiO2MbbrxK5j3Nh1Epxr0kvrXi693vUuTe/S3P//+XZmJdDLCoRWguN+zIfEvIl92NmZ2dnZVeYP/++S+X+XBeH8y4Jw/mVBOP+yIJx/WRDOvywI518WhPMvC8L5lwXh/MuCcP5lQTj/siCcf1kQzr8sCOdfFoTzLwvC+ZcF4fzLgnD+ZUE4/7IgnH9ZEM6/LAjnXxaE8y8LwvmXBeH8y4Jw/mVBOP+yIJx/mT5huTzd75s+4f56e6rfN23C8j4hF+o0v3HahNUiIeSoMMVvnDKhuk4Byc/T/MopE7YJyv4UrU36hOV2ezDu1EeE5O8JqVSdZwqZ45RpUycs7BKy5Yy7Y9p/T3+i/6zb0Or2z+Qy3VGZOiF0G7lpY0ep5/Tvtyvf039ZJ6pboLPpeo/0+3AfR96RWi6o8OcPK0vQiTcZ+rh9Bi+dpes80ifcZsbl/Ojokv5XfLu0tPKU/nGxf7TOXllPdyCmb2ls82nLVytLVO7dT+3O+TjMqBeEfP8jg9lhgEtLf2GPi/D8RrrfPwVCamruV/789P7+6Z+XbMCllZ9++PH++3dLVF/P5t1bYCSae7sCsuQS9sRy6sNwGjENOMGflrjyNv1hOA3CaoWQdys8wJV3qXvDhAkLqrrRrmZU1dMtZer1nvIJqcHZ8XjDQllVq+1qmXrPpBqVHGGhcLx/vnNS7F+8f3RUdbUQTM0On/DQOwzLme2tm4s+vcTZ+u5GQuMzKcJC+ei928ldbg/6pnBEH3OH4U+eYViubp24rlBZbycS7CREqO46jcs7LTxvu+Ptrzid6B2GdnjnvsR6JgFdTYaw/AhbtNyyDF1vdnvYxsquM4EgfFMD0duZzVBo3+AlSq26oRv1tRqLEBKYWiVCuIERdK+pyYoiSYoiK9YyTnQZokpf/svKiu0S3759u2Q/KBLykiEUjiG7ke/o9BISvYSsmXs5uMS2sKYmQggj8LCJbbNFUVpDREhd3H/17ofv7w/7RZLPk2L/5P7Hp399NyAotKHXD3R5eAVJNnuIKKqoCRCqMGc4MF18IFodGr2rltXq7jkJlcujY3AuO/TPjuy/xBrouqi/FCcsg6k8kCW/yE2KWNle/zkcz6HchWHc0QKX0LpEfPooTgj5wRMz0DraPstFkT8sdfa6VpNaIipG3Vpr1ZaLrjfUNIVziQ595UjM2ggTopGvB1qnaHrrym58rrdX1zVNpnZIcYapIsvUmjStjvOmYq/OYZSpE9oRa6A4Ie2Iml9HFbl5Z/fdwZpBYTj9w0hl2bR6h+y9y5YUuBDogVhsLkqISQpfFypy/YC1udSl5p8P5367VG8wL3+4pvjfTukfCY1EYULIlnlbpRmMr9/SeWMrBNIqsQ91vf0t05FYnCkhJAhrbiso6w1s6lU3oHJjIJs99sG6+3OopkIOQ5jwDBzZsEFaF0ORa0uJ2H0uGM1gjD3TdcEmfeJ4loRlGs+0Bg2SddS1QyuqegYYMR7NW0Ot0IlgXCNM6O5DuYsGozOZfnoY5fo1XOJOcn6imROqdErQYECKgkpWMoLBySSMUgfVoGlftD5zLaUB1yEiyQb++nvxFNQlsoETky67KsSmQi0U9hYQlerQlDqYmGsjtoIORZHQHKPyaweikalwTFMlaGowSCY9SbQDmbCQtkYvZtD/92ca06BDLJraHmpoAh3IRG5CJFcytYaoO0wgLoWwrQOjhVhCJsYrig4heQnsjFjQlsDsSbXnt/lmYj2IiJId24qmjBOY47dxmpdPwsZ4hU1PRKsakshibCXfgygKBDjC5UUJZDFwkTcFQIoIivpy5lkMVNJ6GoCSZIK5OZqxpYHA1I4/khfFhED3eKb+EMu4OGmypBBh8tTnr4NXo4ELEqI3vEpHRVEwLr3k6Gn5ZcQphyDhBg1GK3oyoRpfNPAZvGLGnyOuj4sRYsGTlWIXUjGpJStWA1+9USQ3kUyQECHq6F26gCxTE4zcIOKPVKci1ofvqavnpbsTFa3HsadQEBgtGy5CiHPDtZS7kAq4jBsfDC4HvY9iaoQIK9SOpmllbJH3AonvwjEhfxssUKZFWOavWKQhdLK44+3EHUIe/A1W79IkzJzQCVxqvt4tctfbieXMDSF/f/A1fXYrM64wJT4hrhtOpwsl6dqVrSlgWcSvHx48+BpSQ+frW2kRUkW5mkoX2pGNbU6P9yES/vIByNfPcAo5cnEqNiH6QmtKXShJjk+0Mwq/fEDCD7/Ag7ORWYCIhIW2/yoQzvRT94WOwBIUFvirWPZBcr8g4d9h/jimsCgiYTtP/IET8SzJsHbwWzey6dGexTkGRqfV7aP997aa0h7sjy1HiUYIKumN5DGmaHqV1LwrcuS6OwJRXrvmfeYuoBwynQuzOLRQKKvbFxTxw4McybXHOv3ohN68LMQUJ147I/dInicjDC7tGv5Hev5fBb2+ax8KVdavv4y0ZhORcN8fN22cBJRUucrneELWwgm7hPuRfD9gpA2vzazmyDevIqVSoxHCCpMn+OUt31NrwO8QI9ziGiEf8Y9w+P08Mwz0xpEWpSIRQhRIXavrB4Pl+4AlVVoljtRGRQVyvcb7TIvzzgYhF+5G0aG4k1jkXb4hr770xLnQqQcBTZI1noz0mQr3Ixzb5F/QhwRRpHx/BMJCmVqVf3z4hpD1DbXAfjY1n+Q6TCTRvdkMGCdbicwPC+ox7a9nNEL6SK3n5T6bdR5PMSa1Rcu5NsFlcJIfKeE/hrDc3oWp5jMIIP45DALRG+pTBZS0mtcUqBF3244mxFk8OleMcz/COgKMBfAe/ekCSnLLW9hf2N6PwBeRMPcPQITp2Dmzz+pLamimq6SSQucXfXfoWIi2KDVOS4+3cVPdr1RJc7CEYBsa+lwg7PC2J7RaL+77sSojxlriOEsDUSBshPzywzNXzqB8Fgy7vc2x9vYmWVCUjb09awyhEa/uJIo/LGDSYLh5NwMJZ1clVFBMLI1qRZ4f4wyXXI2ejOn5WLVD0aK2as63QEIfd8O1Sq5BuJmPPEGmCggh7ZihDYQxSk2jEWJazdWFmdHzeyOPMXg+UFkbItoBi9lHOyC9GOs0hogz4KovGzKSkM6J2AzhKhqgpB3ahCODCLOfJiGkR9x2bDRh7D40Rr0rXUKYS7h90WgtlQ+wE6OPQ4u9vzR6HKaqpeD63YSjLY2kYxFf9KVhGXfYXI+OA1O1NHROf4lZDGdleYy3UKRupxUsz8A9CCCBAmK52epYY4riUvUWGXb4UeHccbnU4zdGVuH7YxQFNmvVu61G767XaFl1U/O9Pj4GStHjD6RatPNRuLbVbxmRakkBTjK6DfcOGUIOO5YhacHeDL9MSlGbR9pORk9l+w1JqWuGbhahL5gm7gDqtg4OCU+ua7Q3YZ+QaUqBjRZekWWoHeasdidKiDMNzEfhLguUfK/O1S+t2SlV8jysIu/JfO6gE1o9TXXAWKvBxXZi1LhN1IewE/asXCiwGXDfbl2/Y8i+DlD0gyDFw29vT7NMTm+/fR18A7f+VqHDt+NswT2PUR4VmbCgViGbQcj7o22WfLPqNadtPm1VDH9H/fbi9HnWK89vXzz0vcsfelPzo3drrmtFSszEJdylk146h/oVvuimUCZQs67pa87WM3JXlwaQJg67149ffEHl9jQA58I8vb2FN714/BF/KffPpEn1zvIArgJaEeeQsIiEGHqTZ3Sq/w0oSxmyibAZSJaNjmNFqLYycwELReTVaSgWX27hGnZ6nJopvXs37LzlTl2KaUojxzS7+E04D36/684Iw86zu4G2rpnUgZjwZ3i/hckp/VRRQ8PSbJWGqnmwRn85BTZbxjoFLaqWFsrtox0ch48gk+HJ6lNj0B20qGZJkLv9YmLAbPZbuKamW72hDV5uWJK9vfsqZsX3BLa0gHu27XRXte+J2xTFaDnaegiDJwYgduLdwQAvX9ozhmPblxBOhZBZULsOCaKaQ48Dk5X68Mf/GIcw6zKruYaluwM7zHPEqmmfyB+CfbG/Bb2/b1GJDsmu7QcfxiLMOZ1Ho3ZfGKENVkhTJaT2ZRg3EV66TZGZtv4WixDPVbjr6sEoCRNt8Q6UnIxwl5w4f+MisB8Q9Ql+7niEr2BjPzeaBweUjxGUTkpIEQfTl/BqE7B6f4xF+NG349Z1zTy/UjhxQvdpKuWLsKIvaksfxyJ8HUaIZV8x91nGr4kqhFV9Qcz2bSzCh9zjJ+wf7X3MTQkClXsbfX6DoGw5HuFvhJ+MwvXfuAfXilRfbvE70czFJXxMpxe8HlSoVlzE3XQhVAXNr6DVKwKEyxxA9Paxj44QqhGGCUew4gkIXyRJaFaGpy1NlxArdYOV7GJaKmuBg3ga8Q2pKCH6xJ47/gaB7HscwtvHENP0acjmScBhji2mLxQmZFlFe0eJIst1a23NamqxPP4LV9h95TmTgf5geYF9pInsCsLus5ysTZFavuKEfKfEK1eDBWTcbSFyzJDozi6Y+9PIRraWvU2cbIp/y+YUV41Op8ZSeHlbMzCaORfZKCu8Ow9ywy3pjvhkImOKPZjfoxNCmQbedXbCyR7Eb1g5m4sXcidEiAXtdpb3oFvXjXrreuJOxA8PjmxRtCZm8KCqDOIjwSPbxPfjt+2J/Z2Bdh6mwfDwVXREyM/U3P5BkbAbqaJC+ifKxpg0CTMqVhXlXOZPNjBlcxsR8Dl9b8XnVdEH5nUwXoIHDiSxWx3UdNlzIKCiYz7idTTGL3iRkQwjG7TjZuanCqKpOfSdKYgWEFT1cQTIh3CwhhQQlro7Ez4LO5HTzPKBOmdt6DxePX5xe/qcNyqfPz+9fYGBTC8478VQBk6nnznhGeHtk2VFTi7Jvfr4+vXDobx+/fFVbvAqryZAYx5IIF5LhBC7kJfLgNxYY++KRJMmb1nNYK8JHpsoSoiBKa99kHcoabJuNUr9kXCH1/QfbkGbZoeBsz3bZCOkC7F5FVxmkU293m11GrXS1fJQrkq1Rmuv29Tx4CsuoWKfnSmop2KEGJZyd/3gCtugrXjSpb8en1WdwC4Dvzd0PmbHErOMadBVcOt80NSMLOJy3hhOKLMANXaWLQlC2NbBL9VSumED1I/RCd3xjtcQDkzFCOHuHPxaYRxEUfYrYMFXCCFMLMBnzG72hMOQX54XmRA7KkSdYWbRqAmaUzHC/dDWIWEULcXYJaSIESKjK7iQyIltQoToDUOWUqBreCcDB97YDIlpJBZ+98Giipy6J0ZIQ7ZrPiHa0lzNksYW5OmhYxnHaN6kmLmZZaIuQo82QX9IcMHTGFGfB0V9Od42OHYR2DhqCKw7CRPCUd4hP782qJeigVmja5gKcA5I8bhrzdStVgnc+mEIP7ocwaMThQjBWYQU0sLO5KthoQ3Jle46XavehDJEUzealtXquSoW+dtMmbkyhzcYmAlhyC5EKMpuaJpkNXxpxqBUQk0NcznwY8Up2UuCEKpPQs6nMezuVWRJ7zaucny4/GFtrw7VzfxNVIxQKwkFbikRehw+NSd602o1asu5ik2WPyn1Ot2mAaNTLrFpyCjCnf85Qow23SH5oIhdMk3TW8+OcRs3/MFooDlrQv44hNWZ5agl3KDRnEwNILb6LVmJXSwkThhuS2Hi04i6Ow9MSYW/10LW6DjOzdCWhvtDaW0tIp+dewzdvoFh3az8IcQ0YXub3GHM6gi8VXMVD/PKhW0+xGEqcKK3cFwaPMEiIE++cyNuvvnTpuuhmf3XKkKEKYNcFLuBsBjho9DZqxvpT1kX4eqTLGVyv5g1V2HpPySuQRVen9XcIrQsyi2r32Wz/xn22ua/s9nPA8LVf2Wz2X9vYojNP/oN19dmNgNGYzrOZK5+phBPHCbgzWbfOMSb8GL20yZ4F3LHUXgZInihg3YFs4k7hBRHA26+AYbh0EMkR083/8NWMEzFyHOHIq7iz3INGAu/Rp2SRCXrQXrDHn5GYhiTWdanMqZ/fbtmFBPnYDNdA26HT+7sLvzkQfo9O2CS2Jhk8mSVreUcNoeJD0W2cEFgtmvAasjdtoaEn22GT14k6FQ2JrO2FrOj+cld0wlg7XvrCAIKr67h/YyDq2uOv0dbycTVoXanrrrWEqXhPb6KvU6r1bE3cFQinP2YLiHbLuS/Z4BStxOJ4O6Gemm610ffOGMSBfyJHNzxdlkVvgFiInd/oC7Dc4gc7OBhs/ZNF8QTFy7qrfsBukjFV3h0fpzAfToTqFTAm09W9kzN2ZUF+T+25uYaadSx/54dIczYKrAzs0/ypHKVwBBESYAwc4k/eO6uC+lvs97B+iHsQ1+vjRLHY+KCI+ybzYsfqY+SBKF6NNgNlHMSMsx5r34ej+aoqTscB1kWXJFxJAnCTKG6XvGZCFyJWB2plz753TvHgnDtYvxXj5dECGk3tvfPBnSVAeGn8WAD+eQjhKqoJG4snxAhdRtqdXv/5aNH60fHxzGGoTt0ZYQwZxQKSG1JjDDDTlxSy4XykDD6MAwMRMwkCt9INpMsoSPtAeEEgBjWeIIGksyd5dMgrDpJRnM8lku8poadOpuAMU2D8A9O6uzJeCyXfOc1NbpYim3YGvFLBES1/eFEzoKGpl5C2BEe7Q4WoyUtwsbkhG98poYIJYIHkhZhb3It9RFqRLw+GCQVwoqzU3IiQp9D1CoJlF5mUiI8sVfmJ/KHAcL/5T7csSdPnjnupIRSUpbmvy5kAlc35Y6iAAAAAElFTkSuQmCC', 'Y', now(), now());
insert into main_images (main_image_id, name, link, status, create_date, update_date)
values (6, '메인이미지3', 'data:image/png;base64,iVBORw0KGgoAAAANSUhEUgAAAOEAAADhCAMAAAAJbSJIAAABR1BMVEX522H2pS8AAAD////53Wn3wzH8qTADBAb7qDD/4mQAAAT/4GP/rDEVEAtNNRT/4WSRx98AAAgzJxNOTk7y1mD+yTLnnC/eli72oyZgQxnMiyukcCXxozC5fiiNfTv12GF7VR3VkCympqaYaCL2oBiXhj/Pt1Q3MhrDrU/qzl17bjWgbSOkkURWPBaHXR8pHg2vdya1oUrZwFciHxNYdoLR0dFxcXH3r0xGPh9cUijMoi0uKhd7YhxuYi9xThtALhOLvdNDWWMuIA5YTygrOD29vb3w8PCVlZV/cTYbFQtpSRseHh5mZmaHh4c4ODj71635w37848bpuDFiTxqPciM/MxNOPxXBmSulgyVvWhxAOR7dry6ffiMpJhg2R09qj594o7Voi5uMv9ac1u9PanYnJydVVVX4uWf96dH6z5v3s1X+9er6z54WYm93AAATuUlEQVR4nO2d7X/aRhKA0XIWEggIDpYMlmwofiO2MbbrxK5j3Nh1Epxr0kvrXi693vUuTe/S3P//+XZmJdDLCoRWguN+zIfEvIl92NmZ2dnZVeYP/++S+X+XBeH8y4Jw/mVBOP+yIJx/WRDOvywI518WhPMvC8L5lwXh/MuCcP5lQTj/siCcf1kQzr8sCOdfFoTzLwvC+ZcF4fzLgnD+ZUE4/7IgnH9ZEM6/LAjnXxaE8y8LwvmXBeH8y4Jw/mVBOP+yIJx/mT5huTzd75s+4f56e6rfN23C8j4hF+o0v3HahNUiIeSoMMVvnDKhuk4Byc/T/MopE7YJyv4UrU36hOV2ezDu1EeE5O8JqVSdZwqZ45RpUycs7BKy5Yy7Y9p/T3+i/6zb0Or2z+Qy3VGZOiF0G7lpY0ep5/Tvtyvf039ZJ6pboLPpeo/0+3AfR96RWi6o8OcPK0vQiTcZ+rh9Bi+dpes80ifcZsbl/Ojokv5XfLu0tPKU/nGxf7TOXllPdyCmb2ls82nLVytLVO7dT+3O+TjMqBeEfP8jg9lhgEtLf2GPi/D8RrrfPwVCamruV/789P7+6Z+XbMCllZ9++PH++3dLVF/P5t1bYCSae7sCsuQS9sRy6sNwGjENOMGflrjyNv1hOA3CaoWQdys8wJV3qXvDhAkLqrrRrmZU1dMtZer1nvIJqcHZ8XjDQllVq+1qmXrPpBqVHGGhcLx/vnNS7F+8f3RUdbUQTM0On/DQOwzLme2tm4s+vcTZ+u5GQuMzKcJC+ei928ldbg/6pnBEH3OH4U+eYViubp24rlBZbycS7CREqO46jcs7LTxvu+Ptrzid6B2GdnjnvsR6JgFdTYaw/AhbtNyyDF1vdnvYxsquM4EgfFMD0duZzVBo3+AlSq26oRv1tRqLEBKYWiVCuIERdK+pyYoiSYoiK9YyTnQZokpf/svKiu0S3759u2Q/KBLykiEUjiG7ke/o9BISvYSsmXs5uMS2sKYmQggj8LCJbbNFUVpDREhd3H/17ofv7w/7RZLPk2L/5P7Hp399NyAotKHXD3R5eAVJNnuIKKqoCRCqMGc4MF18IFodGr2rltXq7jkJlcujY3AuO/TPjuy/xBrouqi/FCcsg6k8kCW/yE2KWNle/zkcz6HchWHc0QKX0LpEfPooTgj5wRMz0DraPstFkT8sdfa6VpNaIipG3Vpr1ZaLrjfUNIVziQ595UjM2ggTopGvB1qnaHrrym58rrdX1zVNpnZIcYapIsvUmjStjvOmYq/OYZSpE9oRa6A4Ie2Iml9HFbl5Z/fdwZpBYTj9w0hl2bR6h+y9y5YUuBDogVhsLkqISQpfFypy/YC1udSl5p8P5367VG8wL3+4pvjfTukfCY1EYULIlnlbpRmMr9/SeWMrBNIqsQ91vf0t05FYnCkhJAhrbiso6w1s6lU3oHJjIJs99sG6+3OopkIOQ5jwDBzZsEFaF0ORa0uJ2H0uGM1gjD3TdcEmfeJ4loRlGs+0Bg2SddS1QyuqegYYMR7NW0Ot0IlgXCNM6O5DuYsGozOZfnoY5fo1XOJOcn6imROqdErQYECKgkpWMoLBySSMUgfVoGlftD5zLaUB1yEiyQb++nvxFNQlsoETky67KsSmQi0U9hYQlerQlDqYmGsjtoIORZHQHKPyaweikalwTFMlaGowSCY9SbQDmbCQtkYvZtD/92ca06BDLJraHmpoAh3IRG5CJFcytYaoO0wgLoWwrQOjhVhCJsYrig4heQnsjFjQlsDsSbXnt/lmYj2IiJId24qmjBOY47dxmpdPwsZ4hU1PRKsakshibCXfgygKBDjC5UUJZDFwkTcFQIoIivpy5lkMVNJ6GoCSZIK5OZqxpYHA1I4/khfFhED3eKb+EMu4OGmypBBh8tTnr4NXo4ELEqI3vEpHRVEwLr3k6Gn5ZcQphyDhBg1GK3oyoRpfNPAZvGLGnyOuj4sRYsGTlWIXUjGpJStWA1+9USQ3kUyQECHq6F26gCxTE4zcIOKPVKci1ofvqavnpbsTFa3HsadQEBgtGy5CiHPDtZS7kAq4jBsfDC4HvY9iaoQIK9SOpmllbJH3AonvwjEhfxssUKZFWOavWKQhdLK44+3EHUIe/A1W79IkzJzQCVxqvt4tctfbieXMDSF/f/A1fXYrM64wJT4hrhtOpwsl6dqVrSlgWcSvHx48+BpSQ+frW2kRUkW5mkoX2pGNbU6P9yES/vIByNfPcAo5cnEqNiH6QmtKXShJjk+0Mwq/fEDCD7/Ag7ORWYCIhIW2/yoQzvRT94WOwBIUFvirWPZBcr8g4d9h/jimsCgiYTtP/IET8SzJsHbwWzey6dGexTkGRqfV7aP997aa0h7sjy1HiUYIKumN5DGmaHqV1LwrcuS6OwJRXrvmfeYuoBwynQuzOLRQKKvbFxTxw4McybXHOv3ohN68LMQUJ147I/dInicjDC7tGv5Hev5fBb2+ax8KVdavv4y0ZhORcN8fN22cBJRUucrneELWwgm7hPuRfD9gpA2vzazmyDevIqVSoxHCCpMn+OUt31NrwO8QI9ziGiEf8Y9w+P08Mwz0xpEWpSIRQhRIXavrB4Pl+4AlVVoljtRGRQVyvcb7TIvzzgYhF+5G0aG4k1jkXb4hr770xLnQqQcBTZI1noz0mQr3Ixzb5F/QhwRRpHx/BMJCmVqVf3z4hpD1DbXAfjY1n+Q6TCTRvdkMGCdbicwPC+ox7a9nNEL6SK3n5T6bdR5PMSa1Rcu5NsFlcJIfKeE/hrDc3oWp5jMIIP45DALRG+pTBZS0mtcUqBF3244mxFk8OleMcz/COgKMBfAe/ekCSnLLW9hf2N6PwBeRMPcPQITp2Dmzz+pLamimq6SSQucXfXfoWIi2KDVOS4+3cVPdr1RJc7CEYBsa+lwg7PC2J7RaL+77sSojxlriOEsDUSBshPzywzNXzqB8Fgy7vc2x9vYmWVCUjb09awyhEa/uJIo/LGDSYLh5NwMJZ1clVFBMLI1qRZ4f4wyXXI2ejOn5WLVD0aK2as63QEIfd8O1Sq5BuJmPPEGmCggh7ZihDYQxSk2jEWJazdWFmdHzeyOPMXg+UFkbItoBi9lHOyC9GOs0hogz4KovGzKSkM6J2AzhKhqgpB3ahCODCLOfJiGkR9x2bDRh7D40Rr0rXUKYS7h90WgtlQ+wE6OPQ4u9vzR6HKaqpeD63YSjLY2kYxFf9KVhGXfYXI+OA1O1NHROf4lZDGdleYy3UKRupxUsz8A9CCCBAmK52epYY4riUvUWGXb4UeHccbnU4zdGVuH7YxQFNmvVu61G767XaFl1U/O9Pj4GStHjD6RatPNRuLbVbxmRakkBTjK6DfcOGUIOO5YhacHeDL9MSlGbR9pORk9l+w1JqWuGbhahL5gm7gDqtg4OCU+ua7Q3YZ+QaUqBjRZekWWoHeasdidKiDMNzEfhLguUfK/O1S+t2SlV8jysIu/JfO6gE1o9TXXAWKvBxXZi1LhN1IewE/asXCiwGXDfbl2/Y8i+DlD0gyDFw29vT7NMTm+/fR18A7f+VqHDt+NswT2PUR4VmbCgViGbQcj7o22WfLPqNadtPm1VDH9H/fbi9HnWK89vXzz0vcsfelPzo3drrmtFSszEJdylk146h/oVvuimUCZQs67pa87WM3JXlwaQJg67149ffEHl9jQA58I8vb2FN714/BF/KffPpEn1zvIArgJaEeeQsIiEGHqTZ3Sq/w0oSxmyibAZSJaNjmNFqLYycwELReTVaSgWX27hGnZ6nJopvXs37LzlTl2KaUojxzS7+E04D36/684Iw86zu4G2rpnUgZjwZ3i/hckp/VRRQ8PSbJWGqnmwRn85BTZbxjoFLaqWFsrtox0ch48gk+HJ6lNj0B20qGZJkLv9YmLAbPZbuKamW72hDV5uWJK9vfsqZsX3BLa0gHu27XRXte+J2xTFaDnaegiDJwYgduLdwQAvX9ozhmPblxBOhZBZULsOCaKaQ48Dk5X68Mf/GIcw6zKruYaluwM7zHPEqmmfyB+CfbG/Bb2/b1GJDsmu7QcfxiLMOZ1Ho3ZfGKENVkhTJaT2ZRg3EV66TZGZtv4WixDPVbjr6sEoCRNt8Q6UnIxwl5w4f+MisB8Q9Ql+7niEr2BjPzeaBweUjxGUTkpIEQfTl/BqE7B6f4xF+NG349Z1zTy/UjhxQvdpKuWLsKIvaksfxyJ8HUaIZV8x91nGr4kqhFV9Qcz2bSzCh9zjJ+wf7X3MTQkClXsbfX6DoGw5HuFvhJ+MwvXfuAfXilRfbvE70czFJXxMpxe8HlSoVlzE3XQhVAXNr6DVKwKEyxxA9Paxj44QqhGGCUew4gkIXyRJaFaGpy1NlxArdYOV7GJaKmuBg3ga8Q2pKCH6xJ47/gaB7HscwtvHENP0acjmScBhji2mLxQmZFlFe0eJIst1a23NamqxPP4LV9h95TmTgf5geYF9pInsCsLus5ysTZFavuKEfKfEK1eDBWTcbSFyzJDozi6Y+9PIRraWvU2cbIp/y+YUV41Op8ZSeHlbMzCaORfZKCu8Ow9ywy3pjvhkImOKPZjfoxNCmQbedXbCyR7Eb1g5m4sXcidEiAXtdpb3oFvXjXrreuJOxA8PjmxRtCZm8KCqDOIjwSPbxPfjt+2J/Z2Bdh6mwfDwVXREyM/U3P5BkbAbqaJC+ifKxpg0CTMqVhXlXOZPNjBlcxsR8Dl9b8XnVdEH5nUwXoIHDiSxWx3UdNlzIKCiYz7idTTGL3iRkQwjG7TjZuanCqKpOfSdKYgWEFT1cQTIh3CwhhQQlro7Ez4LO5HTzPKBOmdt6DxePX5xe/qcNyqfPz+9fYGBTC8478VQBk6nnznhGeHtk2VFTi7Jvfr4+vXDobx+/fFVbvAqryZAYx5IIF5LhBC7kJfLgNxYY++KRJMmb1nNYK8JHpsoSoiBKa99kHcoabJuNUr9kXCH1/QfbkGbZoeBsz3bZCOkC7F5FVxmkU293m11GrXS1fJQrkq1Rmuv29Tx4CsuoWKfnSmop2KEGJZyd/3gCtugrXjSpb8en1WdwC4Dvzd0PmbHErOMadBVcOt80NSMLOJy3hhOKLMANXaWLQlC2NbBL9VSumED1I/RCd3xjtcQDkzFCOHuHPxaYRxEUfYrYMFXCCFMLMBnzG72hMOQX54XmRA7KkSdYWbRqAmaUzHC/dDWIWEULcXYJaSIESKjK7iQyIltQoToDUOWUqBreCcDB97YDIlpJBZ+98Giipy6J0ZIQ7ZrPiHa0lzNksYW5OmhYxnHaN6kmLmZZaIuQo82QX9IcMHTGFGfB0V9Od42OHYR2DhqCKw7CRPCUd4hP782qJeigVmja5gKcA5I8bhrzdStVgnc+mEIP7ocwaMThQjBWYQU0sLO5KthoQ3Jle46XavehDJEUzealtXquSoW+dtMmbkyhzcYmAlhyC5EKMpuaJpkNXxpxqBUQk0NcznwY8Up2UuCEKpPQs6nMezuVWRJ7zaucny4/GFtrw7VzfxNVIxQKwkFbikRehw+NSd602o1asu5ik2WPyn1Ot2mAaNTLrFpyCjCnf85Qow23SH5oIhdMk3TW8+OcRs3/MFooDlrQv44hNWZ5agl3KDRnEwNILb6LVmJXSwkThhuS2Hi04i6Ow9MSYW/10LW6DjOzdCWhvtDaW0tIp+dewzdvoFh3az8IcQ0YXub3GHM6gi8VXMVD/PKhW0+xGEqcKK3cFwaPMEiIE++cyNuvvnTpuuhmf3XKkKEKYNcFLuBsBjho9DZqxvpT1kX4eqTLGVyv5g1V2HpPySuQRVen9XcIrQsyi2r32Wz/xn22ua/s9nPA8LVf2Wz2X9vYojNP/oN19dmNgNGYzrOZK5+phBPHCbgzWbfOMSb8GL20yZ4F3LHUXgZInihg3YFs4k7hBRHA26+AYbh0EMkR083/8NWMEzFyHOHIq7iz3INGAu/Rp2SRCXrQXrDHn5GYhiTWdanMqZ/fbtmFBPnYDNdA26HT+7sLvzkQfo9O2CS2Jhk8mSVreUcNoeJD0W2cEFgtmvAasjdtoaEn22GT14k6FQ2JrO2FrOj+cld0wlg7XvrCAIKr67h/YyDq2uOv0dbycTVoXanrrrWEqXhPb6KvU6r1bE3cFQinP2YLiHbLuS/Z4BStxOJ4O6Gemm610ffOGMSBfyJHNzxdlkVvgFiInd/oC7Dc4gc7OBhs/ZNF8QTFy7qrfsBukjFV3h0fpzAfToTqFTAm09W9kzN2ZUF+T+25uYaadSx/54dIczYKrAzs0/ypHKVwBBESYAwc4k/eO6uC+lvs97B+iHsQ1+vjRLHY+KCI+ybzYsfqY+SBKF6NNgNlHMSMsx5r34ej+aoqTscB1kWXJFxJAnCTKG6XvGZCFyJWB2plz753TvHgnDtYvxXj5dECGk3tvfPBnSVAeGn8WAD+eQjhKqoJG4snxAhdRtqdXv/5aNH60fHxzGGoTt0ZYQwZxQKSG1JjDDDTlxSy4XykDD6MAwMRMwkCt9INpMsoSPtAeEEgBjWeIIGksyd5dMgrDpJRnM8lku8poadOpuAMU2D8A9O6uzJeCyXfOc1NbpYim3YGvFLBES1/eFEzoKGpl5C2BEe7Q4WoyUtwsbkhG98poYIJYIHkhZhb3It9RFqRLw+GCQVwoqzU3IiQp9D1CoJlF5mUiI8sVfmJ/KHAcL/5T7csSdPnjnupIRSUpbmvy5kAlc35Y6iAAAAAElFTkSuQmCC', 'Y', now(), now());
insert into main_images (main_image_id, name, link, status, create_date, update_date)
values (7, '메인이미지3', 'data:image/png;base64,iVBORw0KGgoAAAANSUhEUgAAAOEAAADhCAMAAAAJbSJIAAABR1BMVEX522H2pS8AAAD////53Wn3wzH8qTADBAb7qDD/4mQAAAT/4GP/rDEVEAtNNRT/4WSRx98AAAgzJxNOTk7y1mD+yTLnnC/eli72oyZgQxnMiyukcCXxozC5fiiNfTv12GF7VR3VkCympqaYaCL2oBiXhj/Pt1Q3MhrDrU/qzl17bjWgbSOkkURWPBaHXR8pHg2vdya1oUrZwFciHxNYdoLR0dFxcXH3r0xGPh9cUijMoi0uKhd7YhxuYi9xThtALhOLvdNDWWMuIA5YTygrOD29vb3w8PCVlZV/cTYbFQtpSRseHh5mZmaHh4c4ODj71635w37848bpuDFiTxqPciM/MxNOPxXBmSulgyVvWhxAOR7dry6ffiMpJhg2R09qj594o7Voi5uMv9ac1u9PanYnJydVVVX4uWf96dH6z5v3s1X+9er6z54WYm93AAATuUlEQVR4nO2d7X/aRhKA0XIWEggIDpYMlmwofiO2MbbrxK5j3Nh1Epxr0kvrXi693vUuTe/S3P//+XZmJdDLCoRWguN+zIfEvIl92NmZ2dnZVeYP/++S+X+XBeH8y4Jw/mVBOP+yIJx/WRDOvywI518WhPMvC8L5lwXh/MuCcP5lQTj/siCcf1kQzr8sCOdfFoTzLwvC+ZcF4fzLgnD+ZUE4/7IgnH9ZEM6/LAjnXxaE8y8LwvmXBeH8y4Jw/mVBOP+yIJx/mT5huTzd75s+4f56e6rfN23C8j4hF+o0v3HahNUiIeSoMMVvnDKhuk4Byc/T/MopE7YJyv4UrU36hOV2ezDu1EeE5O8JqVSdZwqZ45RpUycs7BKy5Yy7Y9p/T3+i/6zb0Or2z+Qy3VGZOiF0G7lpY0ep5/Tvtyvf039ZJ6pboLPpeo/0+3AfR96RWi6o8OcPK0vQiTcZ+rh9Bi+dpes80ifcZsbl/Ojokv5XfLu0tPKU/nGxf7TOXllPdyCmb2ls82nLVytLVO7dT+3O+TjMqBeEfP8jg9lhgEtLf2GPi/D8RrrfPwVCamruV/789P7+6Z+XbMCllZ9++PH++3dLVF/P5t1bYCSae7sCsuQS9sRy6sNwGjENOMGflrjyNv1hOA3CaoWQdys8wJV3qXvDhAkLqrrRrmZU1dMtZer1nvIJqcHZ8XjDQllVq+1qmXrPpBqVHGGhcLx/vnNS7F+8f3RUdbUQTM0On/DQOwzLme2tm4s+vcTZ+u5GQuMzKcJC+ei928ldbg/6pnBEH3OH4U+eYViubp24rlBZbycS7CREqO46jcs7LTxvu+Ptrzid6B2GdnjnvsR6JgFdTYaw/AhbtNyyDF1vdnvYxsquM4EgfFMD0duZzVBo3+AlSq26oRv1tRqLEBKYWiVCuIERdK+pyYoiSYoiK9YyTnQZokpf/svKiu0S3759u2Q/KBLykiEUjiG7ke/o9BISvYSsmXs5uMS2sKYmQggj8LCJbbNFUVpDREhd3H/17ofv7w/7RZLPk2L/5P7Hp399NyAotKHXD3R5eAVJNnuIKKqoCRCqMGc4MF18IFodGr2rltXq7jkJlcujY3AuO/TPjuy/xBrouqi/FCcsg6k8kCW/yE2KWNle/zkcz6HchWHc0QKX0LpEfPooTgj5wRMz0DraPstFkT8sdfa6VpNaIipG3Vpr1ZaLrjfUNIVziQ595UjM2ggTopGvB1qnaHrrym58rrdX1zVNpnZIcYapIsvUmjStjvOmYq/OYZSpE9oRa6A4Ie2Iml9HFbl5Z/fdwZpBYTj9w0hl2bR6h+y9y5YUuBDogVhsLkqISQpfFypy/YC1udSl5p8P5367VG8wL3+4pvjfTukfCY1EYULIlnlbpRmMr9/SeWMrBNIqsQ91vf0t05FYnCkhJAhrbiso6w1s6lU3oHJjIJs99sG6+3OopkIOQ5jwDBzZsEFaF0ORa0uJ2H0uGM1gjD3TdcEmfeJ4loRlGs+0Bg2SddS1QyuqegYYMR7NW0Ot0IlgXCNM6O5DuYsGozOZfnoY5fo1XOJOcn6imROqdErQYECKgkpWMoLBySSMUgfVoGlftD5zLaUB1yEiyQb++nvxFNQlsoETky67KsSmQi0U9hYQlerQlDqYmGsjtoIORZHQHKPyaweikalwTFMlaGowSCY9SbQDmbCQtkYvZtD/92ca06BDLJraHmpoAh3IRG5CJFcytYaoO0wgLoWwrQOjhVhCJsYrig4heQnsjFjQlsDsSbXnt/lmYj2IiJId24qmjBOY47dxmpdPwsZ4hU1PRKsakshibCXfgygKBDjC5UUJZDFwkTcFQIoIivpy5lkMVNJ6GoCSZIK5OZqxpYHA1I4/khfFhED3eKb+EMu4OGmypBBh8tTnr4NXo4ELEqI3vEpHRVEwLr3k6Gn5ZcQphyDhBg1GK3oyoRpfNPAZvGLGnyOuj4sRYsGTlWIXUjGpJStWA1+9USQ3kUyQECHq6F26gCxTE4zcIOKPVKci1ofvqavnpbsTFa3HsadQEBgtGy5CiHPDtZS7kAq4jBsfDC4HvY9iaoQIK9SOpmllbJH3AonvwjEhfxssUKZFWOavWKQhdLK44+3EHUIe/A1W79IkzJzQCVxqvt4tctfbieXMDSF/f/A1fXYrM64wJT4hrhtOpwsl6dqVrSlgWcSvHx48+BpSQ+frW2kRUkW5mkoX2pGNbU6P9yES/vIByNfPcAo5cnEqNiH6QmtKXShJjk+0Mwq/fEDCD7/Ag7ORWYCIhIW2/yoQzvRT94WOwBIUFvirWPZBcr8g4d9h/jimsCgiYTtP/IET8SzJsHbwWzey6dGexTkGRqfV7aP997aa0h7sjy1HiUYIKumN5DGmaHqV1LwrcuS6OwJRXrvmfeYuoBwynQuzOLRQKKvbFxTxw4McybXHOv3ohN68LMQUJ147I/dInicjDC7tGv5Hev5fBb2+ax8KVdavv4y0ZhORcN8fN22cBJRUucrneELWwgm7hPuRfD9gpA2vzazmyDevIqVSoxHCCpMn+OUt31NrwO8QI9ziGiEf8Y9w+P08Mwz0xpEWpSIRQhRIXavrB4Pl+4AlVVoljtRGRQVyvcb7TIvzzgYhF+5G0aG4k1jkXb4hr770xLnQqQcBTZI1noz0mQr3Ixzb5F/QhwRRpHx/BMJCmVqVf3z4hpD1DbXAfjY1n+Q6TCTRvdkMGCdbicwPC+ox7a9nNEL6SK3n5T6bdR5PMSa1Rcu5NsFlcJIfKeE/hrDc3oWp5jMIIP45DALRG+pTBZS0mtcUqBF3244mxFk8OleMcz/COgKMBfAe/ekCSnLLW9hf2N6PwBeRMPcPQITp2Dmzz+pLamimq6SSQucXfXfoWIi2KDVOS4+3cVPdr1RJc7CEYBsa+lwg7PC2J7RaL+77sSojxlriOEsDUSBshPzywzNXzqB8Fgy7vc2x9vYmWVCUjb09awyhEa/uJIo/LGDSYLh5NwMJZ1clVFBMLI1qRZ4f4wyXXI2ejOn5WLVD0aK2as63QEIfd8O1Sq5BuJmPPEGmCggh7ZihDYQxSk2jEWJazdWFmdHzeyOPMXg+UFkbItoBi9lHOyC9GOs0hogz4KovGzKSkM6J2AzhKhqgpB3ahCODCLOfJiGkR9x2bDRh7D40Rr0rXUKYS7h90WgtlQ+wE6OPQ4u9vzR6HKaqpeD63YSjLY2kYxFf9KVhGXfYXI+OA1O1NHROf4lZDGdleYy3UKRupxUsz8A9CCCBAmK52epYY4riUvUWGXb4UeHccbnU4zdGVuH7YxQFNmvVu61G767XaFl1U/O9Pj4GStHjD6RatPNRuLbVbxmRakkBTjK6DfcOGUIOO5YhacHeDL9MSlGbR9pORk9l+w1JqWuGbhahL5gm7gDqtg4OCU+ua7Q3YZ+QaUqBjRZekWWoHeasdidKiDMNzEfhLguUfK/O1S+t2SlV8jysIu/JfO6gE1o9TXXAWKvBxXZi1LhN1IewE/asXCiwGXDfbl2/Y8i+DlD0gyDFw29vT7NMTm+/fR18A7f+VqHDt+NswT2PUR4VmbCgViGbQcj7o22WfLPqNadtPm1VDH9H/fbi9HnWK89vXzz0vcsfelPzo3drrmtFSszEJdylk146h/oVvuimUCZQs67pa87WM3JXlwaQJg67149ffEHl9jQA58I8vb2FN714/BF/KffPpEn1zvIArgJaEeeQsIiEGHqTZ3Sq/w0oSxmyibAZSJaNjmNFqLYycwELReTVaSgWX27hGnZ6nJopvXs37LzlTl2KaUojxzS7+E04D36/684Iw86zu4G2rpnUgZjwZ3i/hckp/VRRQ8PSbJWGqnmwRn85BTZbxjoFLaqWFsrtox0ch48gk+HJ6lNj0B20qGZJkLv9YmLAbPZbuKamW72hDV5uWJK9vfsqZsX3BLa0gHu27XRXte+J2xTFaDnaegiDJwYgduLdwQAvX9ozhmPblxBOhZBZULsOCaKaQ48Dk5X68Mf/GIcw6zKruYaluwM7zHPEqmmfyB+CfbG/Bb2/b1GJDsmu7QcfxiLMOZ1Ho3ZfGKENVkhTJaT2ZRg3EV66TZGZtv4WixDPVbjr6sEoCRNt8Q6UnIxwl5w4f+MisB8Q9Ql+7niEr2BjPzeaBweUjxGUTkpIEQfTl/BqE7B6f4xF+NG349Z1zTy/UjhxQvdpKuWLsKIvaksfxyJ8HUaIZV8x91nGr4kqhFV9Qcz2bSzCh9zjJ+wf7X3MTQkClXsbfX6DoGw5HuFvhJ+MwvXfuAfXilRfbvE70czFJXxMpxe8HlSoVlzE3XQhVAXNr6DVKwKEyxxA9Paxj44QqhGGCUew4gkIXyRJaFaGpy1NlxArdYOV7GJaKmuBg3ga8Q2pKCH6xJ47/gaB7HscwtvHENP0acjmScBhji2mLxQmZFlFe0eJIst1a23NamqxPP4LV9h95TmTgf5geYF9pInsCsLus5ysTZFavuKEfKfEK1eDBWTcbSFyzJDozi6Y+9PIRraWvU2cbIp/y+YUV41Op8ZSeHlbMzCaORfZKCu8Ow9ywy3pjvhkImOKPZjfoxNCmQbedXbCyR7Eb1g5m4sXcidEiAXtdpb3oFvXjXrreuJOxA8PjmxRtCZm8KCqDOIjwSPbxPfjt+2J/Z2Bdh6mwfDwVXREyM/U3P5BkbAbqaJC+ifKxpg0CTMqVhXlXOZPNjBlcxsR8Dl9b8XnVdEH5nUwXoIHDiSxWx3UdNlzIKCiYz7idTTGL3iRkQwjG7TjZuanCqKpOfSdKYgWEFT1cQTIh3CwhhQQlro7Ez4LO5HTzPKBOmdt6DxePX5xe/qcNyqfPz+9fYGBTC8478VQBk6nnznhGeHtk2VFTi7Jvfr4+vXDobx+/fFVbvAqryZAYx5IIF5LhBC7kJfLgNxYY++KRJMmb1nNYK8JHpsoSoiBKa99kHcoabJuNUr9kXCH1/QfbkGbZoeBsz3bZCOkC7F5FVxmkU293m11GrXS1fJQrkq1Rmuv29Tx4CsuoWKfnSmop2KEGJZyd/3gCtugrXjSpb8en1WdwC4Dvzd0PmbHErOMadBVcOt80NSMLOJy3hhOKLMANXaWLQlC2NbBL9VSumED1I/RCd3xjtcQDkzFCOHuHPxaYRxEUfYrYMFXCCFMLMBnzG72hMOQX54XmRA7KkSdYWbRqAmaUzHC/dDWIWEULcXYJaSIESKjK7iQyIltQoToDUOWUqBreCcDB97YDIlpJBZ+98Giipy6J0ZIQ7ZrPiHa0lzNksYW5OmhYxnHaN6kmLmZZaIuQo82QX9IcMHTGFGfB0V9Od42OHYR2DhqCKw7CRPCUd4hP782qJeigVmja5gKcA5I8bhrzdStVgnc+mEIP7ocwaMThQjBWYQU0sLO5KthoQ3Jle46XavehDJEUzealtXquSoW+dtMmbkyhzcYmAlhyC5EKMpuaJpkNXxpxqBUQk0NcznwY8Up2UuCEKpPQs6nMezuVWRJ7zaucny4/GFtrw7VzfxNVIxQKwkFbikRehw+NSd602o1asu5ik2WPyn1Ot2mAaNTLrFpyCjCnf85Qow23SH5oIhdMk3TW8+OcRs3/MFooDlrQv44hNWZ5agl3KDRnEwNILb6LVmJXSwkThhuS2Hi04i6Ow9MSYW/10LW6DjOzdCWhvtDaW0tIp+dewzdvoFh3az8IcQ0YXub3GHM6gi8VXMVD/PKhW0+xGEqcKK3cFwaPMEiIE++cyNuvvnTpuuhmf3XKkKEKYNcFLuBsBjho9DZqxvpT1kX4eqTLGVyv5g1V2HpPySuQRVen9XcIrQsyi2r32Wz/xn22ua/s9nPA8LVf2Wz2X9vYojNP/oN19dmNgNGYzrOZK5+phBPHCbgzWbfOMSb8GL20yZ4F3LHUXgZInihg3YFs4k7hBRHA26+AYbh0EMkR083/8NWMEzFyHOHIq7iz3INGAu/Rp2SRCXrQXrDHn5GYhiTWdanMqZ/fbtmFBPnYDNdA26HT+7sLvzkQfo9O2CS2Jhk8mSVreUcNoeJD0W2cEFgtmvAasjdtoaEn22GT14k6FQ2JrO2FrOj+cld0wlg7XvrCAIKr67h/YyDq2uOv0dbycTVoXanrrrWEqXhPb6KvU6r1bE3cFQinP2YLiHbLuS/Z4BStxOJ4O6Gemm610ffOGMSBfyJHNzxdlkVvgFiInd/oC7Dc4gc7OBhs/ZNF8QTFy7qrfsBukjFV3h0fpzAfToTqFTAm09W9kzN2ZUF+T+25uYaadSx/54dIczYKrAzs0/ypHKVwBBESYAwc4k/eO6uC+lvs97B+iHsQ1+vjRLHY+KCI+ybzYsfqY+SBKF6NNgNlHMSMsx5r34ej+aoqTscB1kWXJFxJAnCTKG6XvGZCFyJWB2plz753TvHgnDtYvxXj5dECGk3tvfPBnSVAeGn8WAD+eQjhKqoJG4snxAhdRtqdXv/5aNH60fHxzGGoTt0ZYQwZxQKSG1JjDDDTlxSy4XykDD6MAwMRMwkCt9INpMsoSPtAeEEgBjWeIIGksyd5dMgrDpJRnM8lku8poadOpuAMU2D8A9O6uzJeCyXfOc1NbpYim3YGvFLBES1/eFEzoKGpl5C2BEe7Q4WoyUtwsbkhG98poYIJYIHkhZhb3It9RFqRLw+GCQVwoqzU3IiQp9D1CoJlF5mUiI8sVfmJ/KHAcL/5T7csSdPnjnupIRSUpbmvy5kAlc35Y6iAAAAAElFTkSuQmCC', 'Y', now(), now());
insert into main_images (main_image_id, name, link, status, create_date, update_date)
values (8, '메인이미지3', 'data:image/png;base64,iVBORw0KGgoAAAANSUhEUgAAAOEAAADhCAMAAAAJbSJIAAABR1BMVEX522H2pS8AAAD////53Wn3wzH8qTADBAb7qDD/4mQAAAT/4GP/rDEVEAtNNRT/4WSRx98AAAgzJxNOTk7y1mD+yTLnnC/eli72oyZgQxnMiyukcCXxozC5fiiNfTv12GF7VR3VkCympqaYaCL2oBiXhj/Pt1Q3MhrDrU/qzl17bjWgbSOkkURWPBaHXR8pHg2vdya1oUrZwFciHxNYdoLR0dFxcXH3r0xGPh9cUijMoi0uKhd7YhxuYi9xThtALhOLvdNDWWMuIA5YTygrOD29vb3w8PCVlZV/cTYbFQtpSRseHh5mZmaHh4c4ODj71635w37848bpuDFiTxqPciM/MxNOPxXBmSulgyVvWhxAOR7dry6ffiMpJhg2R09qj594o7Voi5uMv9ac1u9PanYnJydVVVX4uWf96dH6z5v3s1X+9er6z54WYm93AAATuUlEQVR4nO2d7X/aRhKA0XIWEggIDpYMlmwofiO2MbbrxK5j3Nh1Epxr0kvrXi693vUuTe/S3P//+XZmJdDLCoRWguN+zIfEvIl92NmZ2dnZVeYP/++S+X+XBeH8y4Jw/mVBOP+yIJx/WRDOvywI518WhPMvC8L5lwXh/MuCcP5lQTj/siCcf1kQzr8sCOdfFoTzLwvC+ZcF4fzLgnD+ZUE4/7IgnH9ZEM6/LAjnXxaE8y8LwvmXBeH8y4Jw/mVBOP+yIJx/mT5huTzd75s+4f56e6rfN23C8j4hF+o0v3HahNUiIeSoMMVvnDKhuk4Byc/T/MopE7YJyv4UrU36hOV2ezDu1EeE5O8JqVSdZwqZ45RpUycs7BKy5Yy7Y9p/T3+i/6zb0Or2z+Qy3VGZOiF0G7lpY0ep5/Tvtyvf039ZJ6pboLPpeo/0+3AfR96RWi6o8OcPK0vQiTcZ+rh9Bi+dpes80ifcZsbl/Ojokv5XfLu0tPKU/nGxf7TOXllPdyCmb2ls82nLVytLVO7dT+3O+TjMqBeEfP8jg9lhgEtLf2GPi/D8RrrfPwVCamruV/789P7+6Z+XbMCllZ9++PH++3dLVF/P5t1bYCSae7sCsuQS9sRy6sNwGjENOMGflrjyNv1hOA3CaoWQdys8wJV3qXvDhAkLqrrRrmZU1dMtZer1nvIJqcHZ8XjDQllVq+1qmXrPpBqVHGGhcLx/vnNS7F+8f3RUdbUQTM0On/DQOwzLme2tm4s+vcTZ+u5GQuMzKcJC+ei928ldbg/6pnBEH3OH4U+eYViubp24rlBZbycS7CREqO46jcs7LTxvu+Ptrzid6B2GdnjnvsR6JgFdTYaw/AhbtNyyDF1vdnvYxsquM4EgfFMD0duZzVBo3+AlSq26oRv1tRqLEBKYWiVCuIERdK+pyYoiSYoiK9YyTnQZokpf/svKiu0S3759u2Q/KBLykiEUjiG7ke/o9BISvYSsmXs5uMS2sKYmQggj8LCJbbNFUVpDREhd3H/17ofv7w/7RZLPk2L/5P7Hp399NyAotKHXD3R5eAVJNnuIKKqoCRCqMGc4MF18IFodGr2rltXq7jkJlcujY3AuO/TPjuy/xBrouqi/FCcsg6k8kCW/yE2KWNle/zkcz6HchWHc0QKX0LpEfPooTgj5wRMz0DraPstFkT8sdfa6VpNaIipG3Vpr1ZaLrjfUNIVziQ595UjM2ggTopGvB1qnaHrrym58rrdX1zVNpnZIcYapIsvUmjStjvOmYq/OYZSpE9oRa6A4Ie2Iml9HFbl5Z/fdwZpBYTj9w0hl2bR6h+y9y5YUuBDogVhsLkqISQpfFypy/YC1udSl5p8P5367VG8wL3+4pvjfTukfCY1EYULIlnlbpRmMr9/SeWMrBNIqsQ91vf0t05FYnCkhJAhrbiso6w1s6lU3oHJjIJs99sG6+3OopkIOQ5jwDBzZsEFaF0ORa0uJ2H0uGM1gjD3TdcEmfeJ4loRlGs+0Bg2SddS1QyuqegYYMR7NW0Ot0IlgXCNM6O5DuYsGozOZfnoY5fo1XOJOcn6imROqdErQYECKgkpWMoLBySSMUgfVoGlftD5zLaUB1yEiyQb++nvxFNQlsoETky67KsSmQi0U9hYQlerQlDqYmGsjtoIORZHQHKPyaweikalwTFMlaGowSCY9SbQDmbCQtkYvZtD/92ca06BDLJraHmpoAh3IRG5CJFcytYaoO0wgLoWwrQOjhVhCJsYrig4heQnsjFjQlsDsSbXnt/lmYj2IiJId24qmjBOY47dxmpdPwsZ4hU1PRKsakshibCXfgygKBDjC5UUJZDFwkTcFQIoIivpy5lkMVNJ6GoCSZIK5OZqxpYHA1I4/khfFhED3eKb+EMu4OGmypBBh8tTnr4NXo4ELEqI3vEpHRVEwLr3k6Gn5ZcQphyDhBg1GK3oyoRpfNPAZvGLGnyOuj4sRYsGTlWIXUjGpJStWA1+9USQ3kUyQECHq6F26gCxTE4zcIOKPVKci1ofvqavnpbsTFa3HsadQEBgtGy5CiHPDtZS7kAq4jBsfDC4HvY9iaoQIK9SOpmllbJH3AonvwjEhfxssUKZFWOavWKQhdLK44+3EHUIe/A1W79IkzJzQCVxqvt4tctfbieXMDSF/f/A1fXYrM64wJT4hrhtOpwsl6dqVrSlgWcSvHx48+BpSQ+frW2kRUkW5mkoX2pGNbU6P9yES/vIByNfPcAo5cnEqNiH6QmtKXShJjk+0Mwq/fEDCD7/Ag7ORWYCIhIW2/yoQzvRT94WOwBIUFvirWPZBcr8g4d9h/jimsCgiYTtP/IET8SzJsHbwWzey6dGexTkGRqfV7aP997aa0h7sjy1HiUYIKumN5DGmaHqV1LwrcuS6OwJRXrvmfeYuoBwynQuzOLRQKKvbFxTxw4McybXHOv3ohN68LMQUJ147I/dInicjDC7tGv5Hev5fBb2+ax8KVdavv4y0ZhORcN8fN22cBJRUucrneELWwgm7hPuRfD9gpA2vzazmyDevIqVSoxHCCpMn+OUt31NrwO8QI9ziGiEf8Y9w+P08Mwz0xpEWpSIRQhRIXavrB4Pl+4AlVVoljtRGRQVyvcb7TIvzzgYhF+5G0aG4k1jkXb4hr770xLnQqQcBTZI1noz0mQr3Ixzb5F/QhwRRpHx/BMJCmVqVf3z4hpD1DbXAfjY1n+Q6TCTRvdkMGCdbicwPC+ox7a9nNEL6SK3n5T6bdR5PMSa1Rcu5NsFlcJIfKeE/hrDc3oWp5jMIIP45DALRG+pTBZS0mtcUqBF3244mxFk8OleMcz/COgKMBfAe/ekCSnLLW9hf2N6PwBeRMPcPQITp2Dmzz+pLamimq6SSQucXfXfoWIi2KDVOS4+3cVPdr1RJc7CEYBsa+lwg7PC2J7RaL+77sSojxlriOEsDUSBshPzywzNXzqB8Fgy7vc2x9vYmWVCUjb09awyhEa/uJIo/LGDSYLh5NwMJZ1clVFBMLI1qRZ4f4wyXXI2ejOn5WLVD0aK2as63QEIfd8O1Sq5BuJmPPEGmCggh7ZihDYQxSk2jEWJazdWFmdHzeyOPMXg+UFkbItoBi9lHOyC9GOs0hogz4KovGzKSkM6J2AzhKhqgpB3ahCODCLOfJiGkR9x2bDRh7D40Rr0rXUKYS7h90WgtlQ+wE6OPQ4u9vzR6HKaqpeD63YSjLY2kYxFf9KVhGXfYXI+OA1O1NHROf4lZDGdleYy3UKRupxUsz8A9CCCBAmK52epYY4riUvUWGXb4UeHccbnU4zdGVuH7YxQFNmvVu61G767XaFl1U/O9Pj4GStHjD6RatPNRuLbVbxmRakkBTjK6DfcOGUIOO5YhacHeDL9MSlGbR9pORk9l+w1JqWuGbhahL5gm7gDqtg4OCU+ua7Q3YZ+QaUqBjRZekWWoHeasdidKiDMNzEfhLguUfK/O1S+t2SlV8jysIu/JfO6gE1o9TXXAWKvBxXZi1LhN1IewE/asXCiwGXDfbl2/Y8i+DlD0gyDFw29vT7NMTm+/fR18A7f+VqHDt+NswT2PUR4VmbCgViGbQcj7o22WfLPqNadtPm1VDH9H/fbi9HnWK89vXzz0vcsfelPzo3drrmtFSszEJdylk146h/oVvuimUCZQs67pa87WM3JXlwaQJg67149ffEHl9jQA58I8vb2FN714/BF/KffPpEn1zvIArgJaEeeQsIiEGHqTZ3Sq/w0oSxmyibAZSJaNjmNFqLYycwELReTVaSgWX27hGnZ6nJopvXs37LzlTl2KaUojxzS7+E04D36/684Iw86zu4G2rpnUgZjwZ3i/hckp/VRRQ8PSbJWGqnmwRn85BTZbxjoFLaqWFsrtox0ch48gk+HJ6lNj0B20qGZJkLv9YmLAbPZbuKamW72hDV5uWJK9vfsqZsX3BLa0gHu27XRXte+J2xTFaDnaegiDJwYgduLdwQAvX9ozhmPblxBOhZBZULsOCaKaQ48Dk5X68Mf/GIcw6zKruYaluwM7zHPEqmmfyB+CfbG/Bb2/b1GJDsmu7QcfxiLMOZ1Ho3ZfGKENVkhTJaT2ZRg3EV66TZGZtv4WixDPVbjr6sEoCRNt8Q6UnIxwl5w4f+MisB8Q9Ql+7niEr2BjPzeaBweUjxGUTkpIEQfTl/BqE7B6f4xF+NG349Z1zTy/UjhxQvdpKuWLsKIvaksfxyJ8HUaIZV8x91nGr4kqhFV9Qcz2bSzCh9zjJ+wf7X3MTQkClXsbfX6DoGw5HuFvhJ+MwvXfuAfXilRfbvE70czFJXxMpxe8HlSoVlzE3XQhVAXNr6DVKwKEyxxA9Paxj44QqhGGCUew4gkIXyRJaFaGpy1NlxArdYOV7GJaKmuBg3ga8Q2pKCH6xJ47/gaB7HscwtvHENP0acjmScBhji2mLxQmZFlFe0eJIst1a23NamqxPP4LV9h95TmTgf5geYF9pInsCsLus5ysTZFavuKEfKfEK1eDBWTcbSFyzJDozi6Y+9PIRraWvU2cbIp/y+YUV41Op8ZSeHlbMzCaORfZKCu8Ow9ywy3pjvhkImOKPZjfoxNCmQbedXbCyR7Eb1g5m4sXcidEiAXtdpb3oFvXjXrreuJOxA8PjmxRtCZm8KCqDOIjwSPbxPfjt+2J/Z2Bdh6mwfDwVXREyM/U3P5BkbAbqaJC+ifKxpg0CTMqVhXlXOZPNjBlcxsR8Dl9b8XnVdEH5nUwXoIHDiSxWx3UdNlzIKCiYz7idTTGL3iRkQwjG7TjZuanCqKpOfSdKYgWEFT1cQTIh3CwhhQQlro7Ez4LO5HTzPKBOmdt6DxePX5xe/qcNyqfPz+9fYGBTC8478VQBk6nnznhGeHtk2VFTi7Jvfr4+vXDobx+/fFVbvAqryZAYx5IIF5LhBC7kJfLgNxYY++KRJMmb1nNYK8JHpsoSoiBKa99kHcoabJuNUr9kXCH1/QfbkGbZoeBsz3bZCOkC7F5FVxmkU293m11GrXS1fJQrkq1Rmuv29Tx4CsuoWKfnSmop2KEGJZyd/3gCtugrXjSpb8en1WdwC4Dvzd0PmbHErOMadBVcOt80NSMLOJy3hhOKLMANXaWLQlC2NbBL9VSumED1I/RCd3xjtcQDkzFCOHuHPxaYRxEUfYrYMFXCCFMLMBnzG72hMOQX54XmRA7KkSdYWbRqAmaUzHC/dDWIWEULcXYJaSIESKjK7iQyIltQoToDUOWUqBreCcDB97YDIlpJBZ+98Giipy6J0ZIQ7ZrPiHa0lzNksYW5OmhYxnHaN6kmLmZZaIuQo82QX9IcMHTGFGfB0V9Od42OHYR2DhqCKw7CRPCUd4hP782qJeigVmja5gKcA5I8bhrzdStVgnc+mEIP7ocwaMThQjBWYQU0sLO5KthoQ3Jle46XavehDJEUzealtXquSoW+dtMmbkyhzcYmAlhyC5EKMpuaJpkNXxpxqBUQk0NcznwY8Up2UuCEKpPQs6nMezuVWRJ7zaucny4/GFtrw7VzfxNVIxQKwkFbikRehw+NSd602o1asu5ik2WPyn1Ot2mAaNTLrFpyCjCnf85Qow23SH5oIhdMk3TW8+OcRs3/MFooDlrQv44hNWZ5agl3KDRnEwNILb6LVmJXSwkThhuS2Hi04i6Ow9MSYW/10LW6DjOzdCWhvtDaW0tIp+dewzdvoFh3az8IcQ0YXub3GHM6gi8VXMVD/PKhW0+xGEqcKK3cFwaPMEiIE++cyNuvvnTpuuhmf3XKkKEKYNcFLuBsBjho9DZqxvpT1kX4eqTLGVyv5g1V2HpPySuQRVen9XcIrQsyi2r32Wz/xn22ua/s9nPA8LVf2Wz2X9vYojNP/oN19dmNgNGYzrOZK5+phBPHCbgzWbfOMSb8GL20yZ4F3LHUXgZInihg3YFs4k7hBRHA26+AYbh0EMkR083/8NWMEzFyHOHIq7iz3INGAu/Rp2SRCXrQXrDHn5GYhiTWdanMqZ/fbtmFBPnYDNdA26HT+7sLvzkQfo9O2CS2Jhk8mSVreUcNoeJD0W2cEFgtmvAasjdtoaEn22GT14k6FQ2JrO2FrOj+cld0wlg7XvrCAIKr67h/YyDq2uOv0dbycTVoXanrrrWEqXhPb6KvU6r1bE3cFQinP2YLiHbLuS/Z4BStxOJ4O6Gemm610ffOGMSBfyJHNzxdlkVvgFiInd/oC7Dc4gc7OBhs/ZNF8QTFy7qrfsBukjFV3h0fpzAfToTqFTAm09W9kzN2ZUF+T+25uYaadSx/54dIczYKrAzs0/ypHKVwBBESYAwc4k/eO6uC+lvs97B+iHsQ1+vjRLHY+KCI+ybzYsfqY+SBKF6NNgNlHMSMsx5r34ej+aoqTscB1kWXJFxJAnCTKG6XvGZCFyJWB2plz753TvHgnDtYvxXj5dECGk3tvfPBnSVAeGn8WAD+eQjhKqoJG4snxAhdRtqdXv/5aNH60fHxzGGoTt0ZYQwZxQKSG1JjDDDTlxSy4XykDD6MAwMRMwkCt9INpMsoSPtAeEEgBjWeIIGksyd5dMgrDpJRnM8lku8poadOpuAMU2D8A9O6uzJeCyXfOc1NbpYim3YGvFLBES1/eFEzoKGpl5C2BEe7Q4WoyUtwsbkhG98poYIJYIHkhZhb3It9RFqRLw+GCQVwoqzU3IiQp9D1CoJlF5mUiI8sVfmJ/KHAcL/5T7csSdPnjnupIRSUpbmvy5kAlc35Y6iAAAAAElFTkSuQmCC', 'Y', now(), now());
insert into main_images (main_image_id, name, link, status, create_date, update_date)
values (9, '메인이미지3', 'data:image/png;base64,iVBORw0KGgoAAAANSUhEUgAAAOEAAADhCAMAAAAJbSJIAAABR1BMVEX522H2pS8AAAD////53Wn3wzH8qTADBAb7qDD/4mQAAAT/4GP/rDEVEAtNNRT/4WSRx98AAAgzJxNOTk7y1mD+yTLnnC/eli72oyZgQxnMiyukcCXxozC5fiiNfTv12GF7VR3VkCympqaYaCL2oBiXhj/Pt1Q3MhrDrU/qzl17bjWgbSOkkURWPBaHXR8pHg2vdya1oUrZwFciHxNYdoLR0dFxcXH3r0xGPh9cUijMoi0uKhd7YhxuYi9xThtALhOLvdNDWWMuIA5YTygrOD29vb3w8PCVlZV/cTYbFQtpSRseHh5mZmaHh4c4ODj71635w37848bpuDFiTxqPciM/MxNOPxXBmSulgyVvWhxAOR7dry6ffiMpJhg2R09qj594o7Voi5uMv9ac1u9PanYnJydVVVX4uWf96dH6z5v3s1X+9er6z54WYm93AAATuUlEQVR4nO2d7X/aRhKA0XIWEggIDpYMlmwofiO2MbbrxK5j3Nh1Epxr0kvrXi693vUuTe/S3P//+XZmJdDLCoRWguN+zIfEvIl92NmZ2dnZVeYP/++S+X+XBeH8y4Jw/mVBOP+yIJx/WRDOvywI518WhPMvC8L5lwXh/MuCcP5lQTj/siCcf1kQzr8sCOdfFoTzLwvC+ZcF4fzLgnD+ZUE4/7IgnH9ZEM6/LAjnXxaE8y8LwvmXBeH8y4Jw/mVBOP+yIJx/mT5huTzd75s+4f56e6rfN23C8j4hF+o0v3HahNUiIeSoMMVvnDKhuk4Byc/T/MopE7YJyv4UrU36hOV2ezDu1EeE5O8JqVSdZwqZ45RpUycs7BKy5Yy7Y9p/T3+i/6zb0Or2z+Qy3VGZOiF0G7lpY0ep5/Tvtyvf039ZJ6pboLPpeo/0+3AfR96RWi6o8OcPK0vQiTcZ+rh9Bi+dpes80ifcZsbl/Ojokv5XfLu0tPKU/nGxf7TOXllPdyCmb2ls82nLVytLVO7dT+3O+TjMqBeEfP8jg9lhgEtLf2GPi/D8RrrfPwVCamruV/789P7+6Z+XbMCllZ9++PH++3dLVF/P5t1bYCSae7sCsuQS9sRy6sNwGjENOMGflrjyNv1hOA3CaoWQdys8wJV3qXvDhAkLqrrRrmZU1dMtZer1nvIJqcHZ8XjDQllVq+1qmXrPpBqVHGGhcLx/vnNS7F+8f3RUdbUQTM0On/DQOwzLme2tm4s+vcTZ+u5GQuMzKcJC+ei928ldbg/6pnBEH3OH4U+eYViubp24rlBZbycS7CREqO46jcs7LTxvu+Ptrzid6B2GdnjnvsR6JgFdTYaw/AhbtNyyDF1vdnvYxsquM4EgfFMD0duZzVBo3+AlSq26oRv1tRqLEBKYWiVCuIERdK+pyYoiSYoiK9YyTnQZokpf/svKiu0S3759u2Q/KBLykiEUjiG7ke/o9BISvYSsmXs5uMS2sKYmQggj8LCJbbNFUVpDREhd3H/17ofv7w/7RZLPk2L/5P7Hp399NyAotKHXD3R5eAVJNnuIKKqoCRCqMGc4MF18IFodGr2rltXq7jkJlcujY3AuO/TPjuy/xBrouqi/FCcsg6k8kCW/yE2KWNle/zkcz6HchWHc0QKX0LpEfPooTgj5wRMz0DraPstFkT8sdfa6VpNaIipG3Vpr1ZaLrjfUNIVziQ595UjM2ggTopGvB1qnaHrrym58rrdX1zVNpnZIcYapIsvUmjStjvOmYq/OYZSpE9oRa6A4Ie2Iml9HFbl5Z/fdwZpBYTj9w0hl2bR6h+y9y5YUuBDogVhsLkqISQpfFypy/YC1udSl5p8P5367VG8wL3+4pvjfTukfCY1EYULIlnlbpRmMr9/SeWMrBNIqsQ91vf0t05FYnCkhJAhrbiso6w1s6lU3oHJjIJs99sG6+3OopkIOQ5jwDBzZsEFaF0ORa0uJ2H0uGM1gjD3TdcEmfeJ4loRlGs+0Bg2SddS1QyuqegYYMR7NW0Ot0IlgXCNM6O5DuYsGozOZfnoY5fo1XOJOcn6imROqdErQYECKgkpWMoLBySSMUgfVoGlftD5zLaUB1yEiyQb++nvxFNQlsoETky67KsSmQi0U9hYQlerQlDqYmGsjtoIORZHQHKPyaweikalwTFMlaGowSCY9SbQDmbCQtkYvZtD/92ca06BDLJraHmpoAh3IRG5CJFcytYaoO0wgLoWwrQOjhVhCJsYrig4heQnsjFjQlsDsSbXnt/lmYj2IiJId24qmjBOY47dxmpdPwsZ4hU1PRKsakshibCXfgygKBDjC5UUJZDFwkTcFQIoIivpy5lkMVNJ6GoCSZIK5OZqxpYHA1I4/khfFhED3eKb+EMu4OGmypBBh8tTnr4NXo4ELEqI3vEpHRVEwLr3k6Gn5ZcQphyDhBg1GK3oyoRpfNPAZvGLGnyOuj4sRYsGTlWIXUjGpJStWA1+9USQ3kUyQECHq6F26gCxTE4zcIOKPVKci1ofvqavnpbsTFa3HsadQEBgtGy5CiHPDtZS7kAq4jBsfDC4HvY9iaoQIK9SOpmllbJH3AonvwjEhfxssUKZFWOavWKQhdLK44+3EHUIe/A1W79IkzJzQCVxqvt4tctfbieXMDSF/f/A1fXYrM64wJT4hrhtOpwsl6dqVrSlgWcSvHx48+BpSQ+frW2kRUkW5mkoX2pGNbU6P9yES/vIByNfPcAo5cnEqNiH6QmtKXShJjk+0Mwq/fEDCD7/Ag7ORWYCIhIW2/yoQzvRT94WOwBIUFvirWPZBcr8g4d9h/jimsCgiYTtP/IET8SzJsHbwWzey6dGexTkGRqfV7aP997aa0h7sjy1HiUYIKumN5DGmaHqV1LwrcuS6OwJRXrvmfeYuoBwynQuzOLRQKKvbFxTxw4McybXHOv3ohN68LMQUJ147I/dInicjDC7tGv5Hev5fBb2+ax8KVdavv4y0ZhORcN8fN22cBJRUucrneELWwgm7hPuRfD9gpA2vzazmyDevIqVSoxHCCpMn+OUt31NrwO8QI9ziGiEf8Y9w+P08Mwz0xpEWpSIRQhRIXavrB4Pl+4AlVVoljtRGRQVyvcb7TIvzzgYhF+5G0aG4k1jkXb4hr770xLnQqQcBTZI1noz0mQr3Ixzb5F/QhwRRpHx/BMJCmVqVf3z4hpD1DbXAfjY1n+Q6TCTRvdkMGCdbicwPC+ox7a9nNEL6SK3n5T6bdR5PMSa1Rcu5NsFlcJIfKeE/hrDc3oWp5jMIIP45DALRG+pTBZS0mtcUqBF3244mxFk8OleMcz/COgKMBfAe/ekCSnLLW9hf2N6PwBeRMPcPQITp2Dmzz+pLamimq6SSQucXfXfoWIi2KDVOS4+3cVPdr1RJc7CEYBsa+lwg7PC2J7RaL+77sSojxlriOEsDUSBshPzywzNXzqB8Fgy7vc2x9vYmWVCUjb09awyhEa/uJIo/LGDSYLh5NwMJZ1clVFBMLI1qRZ4f4wyXXI2ejOn5WLVD0aK2as63QEIfd8O1Sq5BuJmPPEGmCggh7ZihDYQxSk2jEWJazdWFmdHzeyOPMXg+UFkbItoBi9lHOyC9GOs0hogz4KovGzKSkM6J2AzhKhqgpB3ahCODCLOfJiGkR9x2bDRh7D40Rr0rXUKYS7h90WgtlQ+wE6OPQ4u9vzR6HKaqpeD63YSjLY2kYxFf9KVhGXfYXI+OA1O1NHROf4lZDGdleYy3UKRupxUsz8A9CCCBAmK52epYY4riUvUWGXb4UeHccbnU4zdGVuH7YxQFNmvVu61G767XaFl1U/O9Pj4GStHjD6RatPNRuLbVbxmRakkBTjK6DfcOGUIOO5YhacHeDL9MSlGbR9pORk9l+w1JqWuGbhahL5gm7gDqtg4OCU+ua7Q3YZ+QaUqBjRZekWWoHeasdidKiDMNzEfhLguUfK/O1S+t2SlV8jysIu/JfO6gE1o9TXXAWKvBxXZi1LhN1IewE/asXCiwGXDfbl2/Y8i+DlD0gyDFw29vT7NMTm+/fR18A7f+VqHDt+NswT2PUR4VmbCgViGbQcj7o22WfLPqNadtPm1VDH9H/fbi9HnWK89vXzz0vcsfelPzo3drrmtFSszEJdylk146h/oVvuimUCZQs67pa87WM3JXlwaQJg67149ffEHl9jQA58I8vb2FN714/BF/KffPpEn1zvIArgJaEeeQsIiEGHqTZ3Sq/w0oSxmyibAZSJaNjmNFqLYycwELReTVaSgWX27hGnZ6nJopvXs37LzlTl2KaUojxzS7+E04D36/684Iw86zu4G2rpnUgZjwZ3i/hckp/VRRQ8PSbJWGqnmwRn85BTZbxjoFLaqWFsrtox0ch48gk+HJ6lNj0B20qGZJkLv9YmLAbPZbuKamW72hDV5uWJK9vfsqZsX3BLa0gHu27XRXte+J2xTFaDnaegiDJwYgduLdwQAvX9ozhmPblxBOhZBZULsOCaKaQ48Dk5X68Mf/GIcw6zKruYaluwM7zHPEqmmfyB+CfbG/Bb2/b1GJDsmu7QcfxiLMOZ1Ho3ZfGKENVkhTJaT2ZRg3EV66TZGZtv4WixDPVbjr6sEoCRNt8Q6UnIxwl5w4f+MisB8Q9Ql+7niEr2BjPzeaBweUjxGUTkpIEQfTl/BqE7B6f4xF+NG349Z1zTy/UjhxQvdpKuWLsKIvaksfxyJ8HUaIZV8x91nGr4kqhFV9Qcz2bSzCh9zjJ+wf7X3MTQkClXsbfX6DoGw5HuFvhJ+MwvXfuAfXilRfbvE70czFJXxMpxe8HlSoVlzE3XQhVAXNr6DVKwKEyxxA9Paxj44QqhGGCUew4gkIXyRJaFaGpy1NlxArdYOV7GJaKmuBg3ga8Q2pKCH6xJ47/gaB7HscwtvHENP0acjmScBhji2mLxQmZFlFe0eJIst1a23NamqxPP4LV9h95TmTgf5geYF9pInsCsLus5ysTZFavuKEfKfEK1eDBWTcbSFyzJDozi6Y+9PIRraWvU2cbIp/y+YUV41Op8ZSeHlbMzCaORfZKCu8Ow9ywy3pjvhkImOKPZjfoxNCmQbedXbCyR7Eb1g5m4sXcidEiAXtdpb3oFvXjXrreuJOxA8PjmxRtCZm8KCqDOIjwSPbxPfjt+2J/Z2Bdh6mwfDwVXREyM/U3P5BkbAbqaJC+ifKxpg0CTMqVhXlXOZPNjBlcxsR8Dl9b8XnVdEH5nUwXoIHDiSxWx3UdNlzIKCiYz7idTTGL3iRkQwjG7TjZuanCqKpOfSdKYgWEFT1cQTIh3CwhhQQlro7Ez4LO5HTzPKBOmdt6DxePX5xe/qcNyqfPz+9fYGBTC8478VQBk6nnznhGeHtk2VFTi7Jvfr4+vXDobx+/fFVbvAqryZAYx5IIF5LhBC7kJfLgNxYY++KRJMmb1nNYK8JHpsoSoiBKa99kHcoabJuNUr9kXCH1/QfbkGbZoeBsz3bZCOkC7F5FVxmkU293m11GrXS1fJQrkq1Rmuv29Tx4CsuoWKfnSmop2KEGJZyd/3gCtugrXjSpb8en1WdwC4Dvzd0PmbHErOMadBVcOt80NSMLOJy3hhOKLMANXaWLQlC2NbBL9VSumED1I/RCd3xjtcQDkzFCOHuHPxaYRxEUfYrYMFXCCFMLMBnzG72hMOQX54XmRA7KkSdYWbRqAmaUzHC/dDWIWEULcXYJaSIESKjK7iQyIltQoToDUOWUqBreCcDB97YDIlpJBZ+98Giipy6J0ZIQ7ZrPiHa0lzNksYW5OmhYxnHaN6kmLmZZaIuQo82QX9IcMHTGFGfB0V9Od42OHYR2DhqCKw7CRPCUd4hP782qJeigVmja5gKcA5I8bhrzdStVgnc+mEIP7ocwaMThQjBWYQU0sLO5KthoQ3Jle46XavehDJEUzealtXquSoW+dtMmbkyhzcYmAlhyC5EKMpuaJpkNXxpxqBUQk0NcznwY8Up2UuCEKpPQs6nMezuVWRJ7zaucny4/GFtrw7VzfxNVIxQKwkFbikRehw+NSd602o1asu5ik2WPyn1Ot2mAaNTLrFpyCjCnf85Qow23SH5oIhdMk3TW8+OcRs3/MFooDlrQv44hNWZ5agl3KDRnEwNILb6LVmJXSwkThhuS2Hi04i6Ow9MSYW/10LW6DjOzdCWhvtDaW0tIp+dewzdvoFh3az8IcQ0YXub3GHM6gi8VXMVD/PKhW0+xGEqcKK3cFwaPMEiIE++cyNuvvnTpuuhmf3XKkKEKYNcFLuBsBjho9DZqxvpT1kX4eqTLGVyv5g1V2HpPySuQRVen9XcIrQsyi2r32Wz/xn22ua/s9nPA8LVf2Wz2X9vYojNP/oN19dmNgNGYzrOZK5+phBPHCbgzWbfOMSb8GL20yZ4F3LHUXgZInihg3YFs4k7hBRHA26+AYbh0EMkR083/8NWMEzFyHOHIq7iz3INGAu/Rp2SRCXrQXrDHn5GYhiTWdanMqZ/fbtmFBPnYDNdA26HT+7sLvzkQfo9O2CS2Jhk8mSVreUcNoeJD0W2cEFgtmvAasjdtoaEn22GT14k6FQ2JrO2FrOj+cld0wlg7XvrCAIKr67h/YyDq2uOv0dbycTVoXanrrrWEqXhPb6KvU6r1bE3cFQinP2YLiHbLuS/Z4BStxOJ4O6Gemm610ffOGMSBfyJHNzxdlkVvgFiInd/oC7Dc4gc7OBhs/ZNF8QTFy7qrfsBukjFV3h0fpzAfToTqFTAm09W9kzN2ZUF+T+25uYaadSx/54dIczYKrAzs0/ypHKVwBBESYAwc4k/eO6uC+lvs97B+iHsQ1+vjRLHY+KCI+ybzYsfqY+SBKF6NNgNlHMSMsx5r34ej+aoqTscB1kWXJFxJAnCTKG6XvGZCFyJWB2plz753TvHgnDtYvxXj5dECGk3tvfPBnSVAeGn8WAD+eQjhKqoJG4snxAhdRtqdXv/5aNH60fHxzGGoTt0ZYQwZxQKSG1JjDDDTlxSy4XykDD6MAwMRMwkCt9INpMsoSPtAeEEgBjWeIIGksyd5dMgrDpJRnM8lku8poadOpuAMU2D8A9O6uzJeCyXfOc1NbpYim3YGvFLBES1/eFEzoKGpl5C2BEe7Q4WoyUtwsbkhG98poYIJYIHkhZhb3It9RFqRLw+GCQVwoqzU3IiQp9D1CoJlF5mUiI8sVfmJ/KHAcL/5T7csSdPnjnupIRSUpbmvy5kAlc35Y6iAAAAAElFTkSuQmCC', 'Y', now(), now());

-- Gongguiljeong
insert into gongguiljeongs (gongguiljeong_id, influencer_id, admin_id, main_image_id, sub_category_id, main_category_id, brand_id, title, link, open_date, close_date, status, interest_count, create_date, update_date)
values (1, 1, 1, 1, 1, 1, 1,'공구일정이름1', 'https://www.naver.com', now(), now() ,'Y' , 10,  now() - 1, now() - 1);
insert into gongguiljeongs (gongguiljeong_id, influencer_id, admin_id, main_image_id, sub_category_id, main_category_id, brand_id, title, link, open_date, close_date, status, interest_count, create_date, update_date)
values (2, 1, 1, 2, 1, 1, 1,'공구일정이름2', 'https://www.naver.com', now(), now() , 'Y',9,  now(), now());
insert into gongguiljeongs (gongguiljeong_id, influencer_id, admin_id, main_image_id, sub_category_id, main_category_id, brand_id, title, link, open_date, close_date, status, interest_count, create_date, update_date)
values (3, 1, 1, 3, 1, 1, 1,'공구일정이름3', 'https://www.naver.com', now(), now() , 'Y',8,  now(), now());
insert into gongguiljeongs (gongguiljeong_id, influencer_id, admin_id, main_image_id, sub_category_id, main_category_id, brand_id, title, link, open_date, close_date, status, interest_count, create_date, update_date)
values (4, 1, 1, 4, 1, 1, 1,'공구일정이름4', 'https://www.naver.com', now(), now() , 'Y',7,  now(), now());
insert into gongguiljeongs (gongguiljeong_id, influencer_id, admin_id, main_image_id, sub_category_id, main_category_id, brand_id, title, link, open_date, close_date, status, interest_count, create_date, update_date)
values (5, 1, 1, 5, 1, 1, 1,'공구일정이름5', 'https://www.naver.com', now(), now() , 'Y',6,  now(), now());
insert into gongguiljeongs (gongguiljeong_id, influencer_id, admin_id, main_image_id, sub_category_id, main_category_id, brand_id, title, link, open_date, close_date, status, interest_count, create_date, update_date)
values (6, 1, 1, 6, 1, 1, 1,'공구일정이름6', 'https://www.naver.com', now(), now() , 'Y',5,  now(), now());
insert into gongguiljeongs (gongguiljeong_id, influencer_id, admin_id, main_image_id, sub_category_id, main_category_id, brand_id, title, link, open_date, close_date, status, interest_count, create_date, update_date)
values (7, 1, 1, 7, 1, 1, 1,'공구일정이름7', 'https://www.naver.com', now(), now() , 'Y',4,  now(), now());
insert into gongguiljeongs (gongguiljeong_id, influencer_id, admin_id, main_image_id, sub_category_id, main_category_id, brand_id, title, link, open_date, close_date, status, interest_count, create_date, update_date)
values (8, 1, 1, 8, 1, 1, 1,'공구일정이름8', 'https://www.naver.com', now(), now() , 'Y',3,  now(), now());
insert into gongguiljeongs (gongguiljeong_id, influencer_id, admin_id, main_image_id, sub_category_id, main_category_id, brand_id, title, link, open_date, close_date, status, interest_count, create_date, update_date)
values (9, 1, 1, 9, 1, 1, 1,'공구일정이름9', 'https://www.naver.com', now(), now() , 'Y',3,  now(), now());


-- sub_image
insert into sub_images (sub_image_id, gongguiljeong_id, name, link, status, create_date, update_date)
values (1, 1,'서브이미지1', 'data:image/png;base64,iVBORw0KGgoAAAANSUhEUgAAAOEAAADhCAMAAAAJbSJIAAABR1BMVEX522H2pS8AAAD////53Wn3wzH8qTADBAb7qDD/4mQAAAT/4GP/rDEVEAtNNRT/4WSRx98AAAgzJxNOTk7y1mD+yTLnnC/eli72oyZgQxnMiyukcCXxozC5fiiNfTv12GF7VR3VkCympqaYaCL2oBiXhj/Pt1Q3MhrDrU/qzl17bjWgbSOkkURWPBaHXR8pHg2vdya1oUrZwFciHxNYdoLR0dFxcXH3r0xGPh9cUijMoi0uKhd7YhxuYi9xThtALhOLvdNDWWMuIA5YTygrOD29vb3w8PCVlZV/cTYbFQtpSRseHh5mZmaHh4c4ODj71635w37848bpuDFiTxqPciM/MxNOPxXBmSulgyVvWhxAOR7dry6ffiMpJhg2R09qj594o7Voi5uMv9ac1u9PanYnJydVVVX4uWf96dH6z5v3s1X+9er6z54WYm93AAATuUlEQVR4nO2d7X/aRhKA0XIWEggIDpYMlmwofiO2MbbrxK5j3Nh1Epxr0kvrXi693vUuTe/S3P//+XZmJdDLCoRWguN+zIfEvIl92NmZ2dnZVeYP/++S+X+XBeH8y4Jw/mVBOP+yIJx/WRDOvywI518WhPMvC8L5lwXh/MuCcP5lQTj/siCcf1kQzr8sCOdfFoTzLwvC+ZcF4fzLgnD+ZUE4/7IgnH9ZEM6/LAjnXxaE8y8LwvmXBeH8y4Jw/mVBOP+yIJx/mT5huTzd75s+4f56e6rfN23C8j4hF+o0v3HahNUiIeSoMMVvnDKhuk4Byc/T/MopE7YJyv4UrU36hOV2ezDu1EeE5O8JqVSdZwqZ45RpUycs7BKy5Yy7Y9p/T3+i/6zb0Or2z+Qy3VGZOiF0G7lpY0ep5/Tvtyvf039ZJ6pboLPpeo/0+3AfR96RWi6o8OcPK0vQiTcZ+rh9Bi+dpes80ifcZsbl/Ojokv5XfLu0tPKU/nGxf7TOXllPdyCmb2ls82nLVytLVO7dT+3O+TjMqBeEfP8jg9lhgEtLf2GPi/D8RrrfPwVCamruV/789P7+6Z+XbMCllZ9++PH++3dLVF/P5t1bYCSae7sCsuQS9sRy6sNwGjENOMGflrjyNv1hOA3CaoWQdys8wJV3qXvDhAkLqrrRrmZU1dMtZer1nvIJqcHZ8XjDQllVq+1qmXrPpBqVHGGhcLx/vnNS7F+8f3RUdbUQTM0On/DQOwzLme2tm4s+vcTZ+u5GQuMzKcJC+ei928ldbg/6pnBEH3OH4U+eYViubp24rlBZbycS7CREqO46jcs7LTxvu+Ptrzid6B2GdnjnvsR6JgFdTYaw/AhbtNyyDF1vdnvYxsquM4EgfFMD0duZzVBo3+AlSq26oRv1tRqLEBKYWiVCuIERdK+pyYoiSYoiK9YyTnQZokpf/svKiu0S3759u2Q/KBLykiEUjiG7ke/o9BISvYSsmXs5uMS2sKYmQggj8LCJbbNFUVpDREhd3H/17ofv7w/7RZLPk2L/5P7Hp399NyAotKHXD3R5eAVJNnuIKKqoCRCqMGc4MF18IFodGr2rltXq7jkJlcujY3AuO/TPjuy/xBrouqi/FCcsg6k8kCW/yE2KWNle/zkcz6HchWHc0QKX0LpEfPooTgj5wRMz0DraPstFkT8sdfa6VpNaIipG3Vpr1ZaLrjfUNIVziQ595UjM2ggTopGvB1qnaHrrym58rrdX1zVNpnZIcYapIsvUmjStjvOmYq/OYZSpE9oRa6A4Ie2Iml9HFbl5Z/fdwZpBYTj9w0hl2bR6h+y9y5YUuBDogVhsLkqISQpfFypy/YC1udSl5p8P5367VG8wL3+4pvjfTukfCY1EYULIlnlbpRmMr9/SeWMrBNIqsQ91vf0t05FYnCkhJAhrbiso6w1s6lU3oHJjIJs99sG6+3OopkIOQ5jwDBzZsEFaF0ORa0uJ2H0uGM1gjD3TdcEmfeJ4loRlGs+0Bg2SddS1QyuqegYYMR7NW0Ot0IlgXCNM6O5DuYsGozOZfnoY5fo1XOJOcn6imROqdErQYECKgkpWMoLBySSMUgfVoGlftD5zLaUB1yEiyQb++nvxFNQlsoETky67KsSmQi0U9hYQlerQlDqYmGsjtoIORZHQHKPyaweikalwTFMlaGowSCY9SbQDmbCQtkYvZtD/92ca06BDLJraHmpoAh3IRG5CJFcytYaoO0wgLoWwrQOjhVhCJsYrig4heQnsjFjQlsDsSbXnt/lmYj2IiJId24qmjBOY47dxmpdPwsZ4hU1PRKsakshibCXfgygKBDjC5UUJZDFwkTcFQIoIivpy5lkMVNJ6GoCSZIK5OZqxpYHA1I4/khfFhED3eKb+EMu4OGmypBBh8tTnr4NXo4ELEqI3vEpHRVEwLr3k6Gn5ZcQphyDhBg1GK3oyoRpfNPAZvGLGnyOuj4sRYsGTlWIXUjGpJStWA1+9USQ3kUyQECHq6F26gCxTE4zcIOKPVKci1ofvqavnpbsTFa3HsadQEBgtGy5CiHPDtZS7kAq4jBsfDC4HvY9iaoQIK9SOpmllbJH3AonvwjEhfxssUKZFWOavWKQhdLK44+3EHUIe/A1W79IkzJzQCVxqvt4tctfbieXMDSF/f/A1fXYrM64wJT4hrhtOpwsl6dqVrSlgWcSvHx48+BpSQ+frW2kRUkW5mkoX2pGNbU6P9yES/vIByNfPcAo5cnEqNiH6QmtKXShJjk+0Mwq/fEDCD7/Ag7ORWYCIhIW2/yoQzvRT94WOwBIUFvirWPZBcr8g4d9h/jimsCgiYTtP/IET8SzJsHbwWzey6dGexTkGRqfV7aP997aa0h7sjy1HiUYIKumN5DGmaHqV1LwrcuS6OwJRXrvmfeYuoBwynQuzOLRQKKvbFxTxw4McybXHOv3ohN68LMQUJ147I/dInicjDC7tGv5Hev5fBb2+ax8KVdavv4y0ZhORcN8fN22cBJRUucrneELWwgm7hPuRfD9gpA2vzazmyDevIqVSoxHCCpMn+OUt31NrwO8QI9ziGiEf8Y9w+P08Mwz0xpEWpSIRQhRIXavrB4Pl+4AlVVoljtRGRQVyvcb7TIvzzgYhF+5G0aG4k1jkXb4hr770xLnQqQcBTZI1noz0mQr3Ixzb5F/QhwRRpHx/BMJCmVqVf3z4hpD1DbXAfjY1n+Q6TCTRvdkMGCdbicwPC+ox7a9nNEL6SK3n5T6bdR5PMSa1Rcu5NsFlcJIfKeE/hrDc3oWp5jMIIP45DALRG+pTBZS0mtcUqBF3244mxFk8OleMcz/COgKMBfAe/ekCSnLLW9hf2N6PwBeRMPcPQITp2Dmzz+pLamimq6SSQucXfXfoWIi2KDVOS4+3cVPdr1RJc7CEYBsa+lwg7PC2J7RaL+77sSojxlriOEsDUSBshPzywzNXzqB8Fgy7vc2x9vYmWVCUjb09awyhEa/uJIo/LGDSYLh5NwMJZ1clVFBMLI1qRZ4f4wyXXI2ejOn5WLVD0aK2as63QEIfd8O1Sq5BuJmPPEGmCggh7ZihDYQxSk2jEWJazdWFmdHzeyOPMXg+UFkbItoBi9lHOyC9GOs0hogz4KovGzKSkM6J2AzhKhqgpB3ahCODCLOfJiGkR9x2bDRh7D40Rr0rXUKYS7h90WgtlQ+wE6OPQ4u9vzR6HKaqpeD63YSjLY2kYxFf9KVhGXfYXI+OA1O1NHROf4lZDGdleYy3UKRupxUsz8A9CCCBAmK52epYY4riUvUWGXb4UeHccbnU4zdGVuH7YxQFNmvVu61G767XaFl1U/O9Pj4GStHjD6RatPNRuLbVbxmRakkBTjK6DfcOGUIOO5YhacHeDL9MSlGbR9pORk9l+w1JqWuGbhahL5gm7gDqtg4OCU+ua7Q3YZ+QaUqBjRZekWWoHeasdidKiDMNzEfhLguUfK/O1S+t2SlV8jysIu/JfO6gE1o9TXXAWKvBxXZi1LhN1IewE/asXCiwGXDfbl2/Y8i+DlD0gyDFw29vT7NMTm+/fR18A7f+VqHDt+NswT2PUR4VmbCgViGbQcj7o22WfLPqNadtPm1VDH9H/fbi9HnWK89vXzz0vcsfelPzo3drrmtFSszEJdylk146h/oVvuimUCZQs67pa87WM3JXlwaQJg67149ffEHl9jQA58I8vb2FN714/BF/KffPpEn1zvIArgJaEeeQsIiEGHqTZ3Sq/w0oSxmyibAZSJaNjmNFqLYycwELReTVaSgWX27hGnZ6nJopvXs37LzlTl2KaUojxzS7+E04D36/684Iw86zu4G2rpnUgZjwZ3i/hckp/VRRQ8PSbJWGqnmwRn85BTZbxjoFLaqWFsrtox0ch48gk+HJ6lNj0B20qGZJkLv9YmLAbPZbuKamW72hDV5uWJK9vfsqZsX3BLa0gHu27XRXte+J2xTFaDnaegiDJwYgduLdwQAvX9ozhmPblxBOhZBZULsOCaKaQ48Dk5X68Mf/GIcw6zKruYaluwM7zHPEqmmfyB+CfbG/Bb2/b1GJDsmu7QcfxiLMOZ1Ho3ZfGKENVkhTJaT2ZRg3EV66TZGZtv4WixDPVbjr6sEoCRNt8Q6UnIxwl5w4f+MisB8Q9Ql+7niEr2BjPzeaBweUjxGUTkpIEQfTl/BqE7B6f4xF+NG349Z1zTy/UjhxQvdpKuWLsKIvaksfxyJ8HUaIZV8x91nGr4kqhFV9Qcz2bSzCh9zjJ+wf7X3MTQkClXsbfX6DoGw5HuFvhJ+MwvXfuAfXilRfbvE70czFJXxMpxe8HlSoVlzE3XQhVAXNr6DVKwKEyxxA9Paxj44QqhGGCUew4gkIXyRJaFaGpy1NlxArdYOV7GJaKmuBg3ga8Q2pKCH6xJ47/gaB7HscwtvHENP0acjmScBhji2mLxQmZFlFe0eJIst1a23NamqxPP4LV9h95TmTgf5geYF9pInsCsLus5ysTZFavuKEfKfEK1eDBWTcbSFyzJDozi6Y+9PIRraWvU2cbIp/y+YUV41Op8ZSeHlbMzCaORfZKCu8Ow9ywy3pjvhkImOKPZjfoxNCmQbedXbCyR7Eb1g5m4sXcidEiAXtdpb3oFvXjXrreuJOxA8PjmxRtCZm8KCqDOIjwSPbxPfjt+2J/Z2Bdh6mwfDwVXREyM/U3P5BkbAbqaJC+ifKxpg0CTMqVhXlXOZPNjBlcxsR8Dl9b8XnVdEH5nUwXoIHDiSxWx3UdNlzIKCiYz7idTTGL3iRkQwjG7TjZuanCqKpOfSdKYgWEFT1cQTIh3CwhhQQlro7Ez4LO5HTzPKBOmdt6DxePX5xe/qcNyqfPz+9fYGBTC8478VQBk6nnznhGeHtk2VFTi7Jvfr4+vXDobx+/fFVbvAqryZAYx5IIF5LhBC7kJfLgNxYY++KRJMmb1nNYK8JHpsoSoiBKa99kHcoabJuNUr9kXCH1/QfbkGbZoeBsz3bZCOkC7F5FVxmkU293m11GrXS1fJQrkq1Rmuv29Tx4CsuoWKfnSmop2KEGJZyd/3gCtugrXjSpb8en1WdwC4Dvzd0PmbHErOMadBVcOt80NSMLOJy3hhOKLMANXaWLQlC2NbBL9VSumED1I/RCd3xjtcQDkzFCOHuHPxaYRxEUfYrYMFXCCFMLMBnzG72hMOQX54XmRA7KkSdYWbRqAmaUzHC/dDWIWEULcXYJaSIESKjK7iQyIltQoToDUOWUqBreCcDB97YDIlpJBZ+98Giipy6J0ZIQ7ZrPiHa0lzNksYW5OmhYxnHaN6kmLmZZaIuQo82QX9IcMHTGFGfB0V9Od42OHYR2DhqCKw7CRPCUd4hP782qJeigVmja5gKcA5I8bhrzdStVgnc+mEIP7ocwaMThQjBWYQU0sLO5KthoQ3Jle46XavehDJEUzealtXquSoW+dtMmbkyhzcYmAlhyC5EKMpuaJpkNXxpxqBUQk0NcznwY8Up2UuCEKpPQs6nMezuVWRJ7zaucny4/GFtrw7VzfxNVIxQKwkFbikRehw+NSd602o1asu5ik2WPyn1Ot2mAaNTLrFpyCjCnf85Qow23SH5oIhdMk3TW8+OcRs3/MFooDlrQv44hNWZ5agl3KDRnEwNILb6LVmJXSwkThhuS2Hi04i6Ow9MSYW/10LW6DjOzdCWhvtDaW0tIp+dewzdvoFh3az8IcQ0YXub3GHM6gi8VXMVD/PKhW0+xGEqcKK3cFwaPMEiIE++cyNuvvnTpuuhmf3XKkKEKYNcFLuBsBjho9DZqxvpT1kX4eqTLGVyv5g1V2HpPySuQRVen9XcIrQsyi2r32Wz/xn22ua/s9nPA8LVf2Wz2X9vYojNP/oN19dmNgNGYzrOZK5+phBPHCbgzWbfOMSb8GL20yZ4F3LHUXgZInihg3YFs4k7hBRHA26+AYbh0EMkR083/8NWMEzFyHOHIq7iz3INGAu/Rp2SRCXrQXrDHn5GYhiTWdanMqZ/fbtmFBPnYDNdA26HT+7sLvzkQfo9O2CS2Jhk8mSVreUcNoeJD0W2cEFgtmvAasjdtoaEn22GT14k6FQ2JrO2FrOj+cld0wlg7XvrCAIKr67h/YyDq2uOv0dbycTVoXanrrrWEqXhPb6KvU6r1bE3cFQinP2YLiHbLuS/Z4BStxOJ4O6Gemm610ffOGMSBfyJHNzxdlkVvgFiInd/oC7Dc4gc7OBhs/ZNF8QTFy7qrfsBukjFV3h0fpzAfToTqFTAm09W9kzN2ZUF+T+25uYaadSx/54dIczYKrAzs0/ypHKVwBBESYAwc4k/eO6uC+lvs97B+iHsQ1+vjRLHY+KCI+ybzYsfqY+SBKF6NNgNlHMSMsx5r34ej+aoqTscB1kWXJFxJAnCTKG6XvGZCFyJWB2plz753TvHgnDtYvxXj5dECGk3tvfPBnSVAeGn8WAD+eQjhKqoJG4snxAhdRtqdXv/5aNH60fHxzGGoTt0ZYQwZxQKSG1JjDDDTlxSy4XykDD6MAwMRMwkCt9INpMsoSPtAeEEgBjWeIIGksyd5dMgrDpJRnM8lku8poadOpuAMU2D8A9O6uzJeCyXfOc1NbpYim3YGvFLBES1/eFEzoKGpl5C2BEe7Q4WoyUtwsbkhG98poYIJYIHkhZhb3It9RFqRLw+GCQVwoqzU3IiQp9D1CoJlF5mUiI8sVfmJ/KHAcL/5T7csSdPnjnupIRSUpbmvy5kAlc35Y6iAAAAAElFTkSuQmCC', 'Y', now(), now());
insert into sub_images (sub_image_id, gongguiljeong_id, name, link, status, create_date, update_date)
values (2, 1,'서브이미지2', 'data:image/png;base64,iVBORw0KGgoAAAANSUhEUgAAAOEAAADhCAMAAAAJbSJIAAABR1BMVEX522H2pS8AAAD////53Wn3wzH8qTADBAb7qDD/4mQAAAT/4GP/rDEVEAtNNRT/4WSRx98AAAgzJxNOTk7y1mD+yTLnnC/eli72oyZgQxnMiyukcCXxozC5fiiNfTv12GF7VR3VkCympqaYaCL2oBiXhj/Pt1Q3MhrDrU/qzl17bjWgbSOkkURWPBaHXR8pHg2vdya1oUrZwFciHxNYdoLR0dFxcXH3r0xGPh9cUijMoi0uKhd7YhxuYi9xThtALhOLvdNDWWMuIA5YTygrOD29vb3w8PCVlZV/cTYbFQtpSRseHh5mZmaHh4c4ODj71635w37848bpuDFiTxqPciM/MxNOPxXBmSulgyVvWhxAOR7dry6ffiMpJhg2R09qj594o7Voi5uMv9ac1u9PanYnJydVVVX4uWf96dH6z5v3s1X+9er6z54WYm93AAATuUlEQVR4nO2d7X/aRhKA0XIWEggIDpYMlmwofiO2MbbrxK5j3Nh1Epxr0kvrXi693vUuTe/S3P//+XZmJdDLCoRWguN+zIfEvIl92NmZ2dnZVeYP/++S+X+XBeH8y4Jw/mVBOP+yIJx/WRDOvywI518WhPMvC8L5lwXh/MuCcP5lQTj/siCcf1kQzr8sCOdfFoTzLwvC+ZcF4fzLgnD+ZUE4/7IgnH9ZEM6/LAjnXxaE8y8LwvmXBeH8y4Jw/mVBOP+yIJx/mT5huTzd75s+4f56e6rfN23C8j4hF+o0v3HahNUiIeSoMMVvnDKhuk4Byc/T/MopE7YJyv4UrU36hOV2ezDu1EeE5O8JqVSdZwqZ45RpUycs7BKy5Yy7Y9p/T3+i/6zb0Or2z+Qy3VGZOiF0G7lpY0ep5/Tvtyvf039ZJ6pboLPpeo/0+3AfR96RWi6o8OcPK0vQiTcZ+rh9Bi+dpes80ifcZsbl/Ojokv5XfLu0tPKU/nGxf7TOXllPdyCmb2ls82nLVytLVO7dT+3O+TjMqBeEfP8jg9lhgEtLf2GPi/D8RrrfPwVCamruV/789P7+6Z+XbMCllZ9++PH++3dLVF/P5t1bYCSae7sCsuQS9sRy6sNwGjENOMGflrjyNv1hOA3CaoWQdys8wJV3qXvDhAkLqrrRrmZU1dMtZer1nvIJqcHZ8XjDQllVq+1qmXrPpBqVHGGhcLx/vnNS7F+8f3RUdbUQTM0On/DQOwzLme2tm4s+vcTZ+u5GQuMzKcJC+ei928ldbg/6pnBEH3OH4U+eYViubp24rlBZbycS7CREqO46jcs7LTxvu+Ptrzid6B2GdnjnvsR6JgFdTYaw/AhbtNyyDF1vdnvYxsquM4EgfFMD0duZzVBo3+AlSq26oRv1tRqLEBKYWiVCuIERdK+pyYoiSYoiK9YyTnQZokpf/svKiu0S3759u2Q/KBLykiEUjiG7ke/o9BISvYSsmXs5uMS2sKYmQggj8LCJbbNFUVpDREhd3H/17ofv7w/7RZLPk2L/5P7Hp399NyAotKHXD3R5eAVJNnuIKKqoCRCqMGc4MF18IFodGr2rltXq7jkJlcujY3AuO/TPjuy/xBrouqi/FCcsg6k8kCW/yE2KWNle/zkcz6HchWHc0QKX0LpEfPooTgj5wRMz0DraPstFkT8sdfa6VpNaIipG3Vpr1ZaLrjfUNIVziQ595UjM2ggTopGvB1qnaHrrym58rrdX1zVNpnZIcYapIsvUmjStjvOmYq/OYZSpE9oRa6A4Ie2Iml9HFbl5Z/fdwZpBYTj9w0hl2bR6h+y9y5YUuBDogVhsLkqISQpfFypy/YC1udSl5p8P5367VG8wL3+4pvjfTukfCY1EYULIlnlbpRmMr9/SeWMrBNIqsQ91vf0t05FYnCkhJAhrbiso6w1s6lU3oHJjIJs99sG6+3OopkIOQ5jwDBzZsEFaF0ORa0uJ2H0uGM1gjD3TdcEmfeJ4loRlGs+0Bg2SddS1QyuqegYYMR7NW0Ot0IlgXCNM6O5DuYsGozOZfnoY5fo1XOJOcn6imROqdErQYECKgkpWMoLBySSMUgfVoGlftD5zLaUB1yEiyQb++nvxFNQlsoETky67KsSmQi0U9hYQlerQlDqYmGsjtoIORZHQHKPyaweikalwTFMlaGowSCY9SbQDmbCQtkYvZtD/92ca06BDLJraHmpoAh3IRG5CJFcytYaoO0wgLoWwrQOjhVhCJsYrig4heQnsjFjQlsDsSbXnt/lmYj2IiJId24qmjBOY47dxmpdPwsZ4hU1PRKsakshibCXfgygKBDjC5UUJZDFwkTcFQIoIivpy5lkMVNJ6GoCSZIK5OZqxpYHA1I4/khfFhED3eKb+EMu4OGmypBBh8tTnr4NXo4ELEqI3vEpHRVEwLr3k6Gn5ZcQphyDhBg1GK3oyoRpfNPAZvGLGnyOuj4sRYsGTlWIXUjGpJStWA1+9USQ3kUyQECHq6F26gCxTE4zcIOKPVKci1ofvqavnpbsTFa3HsadQEBgtGy5CiHPDtZS7kAq4jBsfDC4HvY9iaoQIK9SOpmllbJH3AonvwjEhfxssUKZFWOavWKQhdLK44+3EHUIe/A1W79IkzJzQCVxqvt4tctfbieXMDSF/f/A1fXYrM64wJT4hrhtOpwsl6dqVrSlgWcSvHx48+BpSQ+frW2kRUkW5mkoX2pGNbU6P9yES/vIByNfPcAo5cnEqNiH6QmtKXShJjk+0Mwq/fEDCD7/Ag7ORWYCIhIW2/yoQzvRT94WOwBIUFvirWPZBcr8g4d9h/jimsCgiYTtP/IET8SzJsHbwWzey6dGexTkGRqfV7aP997aa0h7sjy1HiUYIKumN5DGmaHqV1LwrcuS6OwJRXrvmfeYuoBwynQuzOLRQKKvbFxTxw4McybXHOv3ohN68LMQUJ147I/dInicjDC7tGv5Hev5fBb2+ax8KVdavv4y0ZhORcN8fN22cBJRUucrneELWwgm7hPuRfD9gpA2vzazmyDevIqVSoxHCCpMn+OUt31NrwO8QI9ziGiEf8Y9w+P08Mwz0xpEWpSIRQhRIXavrB4Pl+4AlVVoljtRGRQVyvcb7TIvzzgYhF+5G0aG4k1jkXb4hr770xLnQqQcBTZI1noz0mQr3Ixzb5F/QhwRRpHx/BMJCmVqVf3z4hpD1DbXAfjY1n+Q6TCTRvdkMGCdbicwPC+ox7a9nNEL6SK3n5T6bdR5PMSa1Rcu5NsFlcJIfKeE/hrDc3oWp5jMIIP45DALRG+pTBZS0mtcUqBF3244mxFk8OleMcz/COgKMBfAe/ekCSnLLW9hf2N6PwBeRMPcPQITp2Dmzz+pLamimq6SSQucXfXfoWIi2KDVOS4+3cVPdr1RJc7CEYBsa+lwg7PC2J7RaL+77sSojxlriOEsDUSBshPzywzNXzqB8Fgy7vc2x9vYmWVCUjb09awyhEa/uJIo/LGDSYLh5NwMJZ1clVFBMLI1qRZ4f4wyXXI2ejOn5WLVD0aK2as63QEIfd8O1Sq5BuJmPPEGmCggh7ZihDYQxSk2jEWJazdWFmdHzeyOPMXg+UFkbItoBi9lHOyC9GOs0hogz4KovGzKSkM6J2AzhKhqgpB3ahCODCLOfJiGkR9x2bDRh7D40Rr0rXUKYS7h90WgtlQ+wE6OPQ4u9vzR6HKaqpeD63YSjLY2kYxFf9KVhGXfYXI+OA1O1NHROf4lZDGdleYy3UKRupxUsz8A9CCCBAmK52epYY4riUvUWGXb4UeHccbnU4zdGVuH7YxQFNmvVu61G767XaFl1U/O9Pj4GStHjD6RatPNRuLbVbxmRakkBTjK6DfcOGUIOO5YhacHeDL9MSlGbR9pORk9l+w1JqWuGbhahL5gm7gDqtg4OCU+ua7Q3YZ+QaUqBjRZekWWoHeasdidKiDMNzEfhLguUfK/O1S+t2SlV8jysIu/JfO6gE1o9TXXAWKvBxXZi1LhN1IewE/asXCiwGXDfbl2/Y8i+DlD0gyDFw29vT7NMTm+/fR18A7f+VqHDt+NswT2PUR4VmbCgViGbQcj7o22WfLPqNadtPm1VDH9H/fbi9HnWK89vXzz0vcsfelPzo3drrmtFSszEJdylk146h/oVvuimUCZQs67pa87WM3JXlwaQJg67149ffEHl9jQA58I8vb2FN714/BF/KffPpEn1zvIArgJaEeeQsIiEGHqTZ3Sq/w0oSxmyibAZSJaNjmNFqLYycwELReTVaSgWX27hGnZ6nJopvXs37LzlTl2KaUojxzS7+E04D36/684Iw86zu4G2rpnUgZjwZ3i/hckp/VRRQ8PSbJWGqnmwRn85BTZbxjoFLaqWFsrtox0ch48gk+HJ6lNj0B20qGZJkLv9YmLAbPZbuKamW72hDV5uWJK9vfsqZsX3BLa0gHu27XRXte+J2xTFaDnaegiDJwYgduLdwQAvX9ozhmPblxBOhZBZULsOCaKaQ48Dk5X68Mf/GIcw6zKruYaluwM7zHPEqmmfyB+CfbG/Bb2/b1GJDsmu7QcfxiLMOZ1Ho3ZfGKENVkhTJaT2ZRg3EV66TZGZtv4WixDPVbjr6sEoCRNt8Q6UnIxwl5w4f+MisB8Q9Ql+7niEr2BjPzeaBweUjxGUTkpIEQfTl/BqE7B6f4xF+NG349Z1zTy/UjhxQvdpKuWLsKIvaksfxyJ8HUaIZV8x91nGr4kqhFV9Qcz2bSzCh9zjJ+wf7X3MTQkClXsbfX6DoGw5HuFvhJ+MwvXfuAfXilRfbvE70czFJXxMpxe8HlSoVlzE3XQhVAXNr6DVKwKEyxxA9Paxj44QqhGGCUew4gkIXyRJaFaGpy1NlxArdYOV7GJaKmuBg3ga8Q2pKCH6xJ47/gaB7HscwtvHENP0acjmScBhji2mLxQmZFlFe0eJIst1a23NamqxPP4LV9h95TmTgf5geYF9pInsCsLus5ysTZFavuKEfKfEK1eDBWTcbSFyzJDozi6Y+9PIRraWvU2cbIp/y+YUV41Op8ZSeHlbMzCaORfZKCu8Ow9ywy3pjvhkImOKPZjfoxNCmQbedXbCyR7Eb1g5m4sXcidEiAXtdpb3oFvXjXrreuJOxA8PjmxRtCZm8KCqDOIjwSPbxPfjt+2J/Z2Bdh6mwfDwVXREyM/U3P5BkbAbqaJC+ifKxpg0CTMqVhXlXOZPNjBlcxsR8Dl9b8XnVdEH5nUwXoIHDiSxWx3UdNlzIKCiYz7idTTGL3iRkQwjG7TjZuanCqKpOfSdKYgWEFT1cQTIh3CwhhQQlro7Ez4LO5HTzPKBOmdt6DxePX5xe/qcNyqfPz+9fYGBTC8478VQBk6nnznhGeHtk2VFTi7Jvfr4+vXDobx+/fFVbvAqryZAYx5IIF5LhBC7kJfLgNxYY++KRJMmb1nNYK8JHpsoSoiBKa99kHcoabJuNUr9kXCH1/QfbkGbZoeBsz3bZCOkC7F5FVxmkU293m11GrXS1fJQrkq1Rmuv29Tx4CsuoWKfnSmop2KEGJZyd/3gCtugrXjSpb8en1WdwC4Dvzd0PmbHErOMadBVcOt80NSMLOJy3hhOKLMANXaWLQlC2NbBL9VSumED1I/RCd3xjtcQDkzFCOHuHPxaYRxEUfYrYMFXCCFMLMBnzG72hMOQX54XmRA7KkSdYWbRqAmaUzHC/dDWIWEULcXYJaSIESKjK7iQyIltQoToDUOWUqBreCcDB97YDIlpJBZ+98Giipy6J0ZIQ7ZrPiHa0lzNksYW5OmhYxnHaN6kmLmZZaIuQo82QX9IcMHTGFGfB0V9Od42OHYR2DhqCKw7CRPCUd4hP782qJeigVmja5gKcA5I8bhrzdStVgnc+mEIP7ocwaMThQjBWYQU0sLO5KthoQ3Jle46XavehDJEUzealtXquSoW+dtMmbkyhzcYmAlhyC5EKMpuaJpkNXxpxqBUQk0NcznwY8Up2UuCEKpPQs6nMezuVWRJ7zaucny4/GFtrw7VzfxNVIxQKwkFbikRehw+NSd602o1asu5ik2WPyn1Ot2mAaNTLrFpyCjCnf85Qow23SH5oIhdMk3TW8+OcRs3/MFooDlrQv44hNWZ5agl3KDRnEwNILb6LVmJXSwkThhuS2Hi04i6Ow9MSYW/10LW6DjOzdCWhvtDaW0tIp+dewzdvoFh3az8IcQ0YXub3GHM6gi8VXMVD/PKhW0+xGEqcKK3cFwaPMEiIE++cyNuvvnTpuuhmf3XKkKEKYNcFLuBsBjho9DZqxvpT1kX4eqTLGVyv5g1V2HpPySuQRVen9XcIrQsyi2r32Wz/xn22ua/s9nPA8LVf2Wz2X9vYojNP/oN19dmNgNGYzrOZK5+phBPHCbgzWbfOMSb8GL20yZ4F3LHUXgZInihg3YFs4k7hBRHA26+AYbh0EMkR083/8NWMEzFyHOHIq7iz3INGAu/Rp2SRCXrQXrDHn5GYhiTWdanMqZ/fbtmFBPnYDNdA26HT+7sLvzkQfo9O2CS2Jhk8mSVreUcNoeJD0W2cEFgtmvAasjdtoaEn22GT14k6FQ2JrO2FrOj+cld0wlg7XvrCAIKr67h/YyDq2uOv0dbycTVoXanrrrWEqXhPb6KvU6r1bE3cFQinP2YLiHbLuS/Z4BStxOJ4O6Gemm610ffOGMSBfyJHNzxdlkVvgFiInd/oC7Dc4gc7OBhs/ZNF8QTFy7qrfsBukjFV3h0fpzAfToTqFTAm09W9kzN2ZUF+T+25uYaadSx/54dIczYKrAzs0/ypHKVwBBESYAwc4k/eO6uC+lvs97B+iHsQ1+vjRLHY+KCI+ybzYsfqY+SBKF6NNgNlHMSMsx5r34ej+aoqTscB1kWXJFxJAnCTKG6XvGZCFyJWB2plz753TvHgnDtYvxXj5dECGk3tvfPBnSVAeGn8WAD+eQjhKqoJG4snxAhdRtqdXv/5aNH60fHxzGGoTt0ZYQwZxQKSG1JjDDDTlxSy4XykDD6MAwMRMwkCt9INpMsoSPtAeEEgBjWeIIGksyd5dMgrDpJRnM8lku8poadOpuAMU2D8A9O6uzJeCyXfOc1NbpYim3YGvFLBES1/eFEzoKGpl5C2BEe7Q4WoyUtwsbkhG98poYIJYIHkhZhb3It9RFqRLw+GCQVwoqzU3IiQp9D1CoJlF5mUiI8sVfmJ/KHAcL/5T7csSdPnjnupIRSUpbmvy5kAlc35Y6iAAAAAElFTkSuQmCC', 'Y', now(), now());
insert into sub_images (sub_image_id, gongguiljeong_id, name, link, status, create_date, update_date)
values (3, 1,'서브이미지3', 'data:image/png;base64,iVBORw0KGgoAAAANSUhEUgAAAOEAAADhCAMAAAAJbSJIAAABR1BMVEX522H2pS8AAAD////53Wn3wzH8qTADBAb7qDD/4mQAAAT/4GP/rDEVEAtNNRT/4WSRx98AAAgzJxNOTk7y1mD+yTLnnC/eli72oyZgQxnMiyukcCXxozC5fiiNfTv12GF7VR3VkCympqaYaCL2oBiXhj/Pt1Q3MhrDrU/qzl17bjWgbSOkkURWPBaHXR8pHg2vdya1oUrZwFciHxNYdoLR0dFxcXH3r0xGPh9cUijMoi0uKhd7YhxuYi9xThtALhOLvdNDWWMuIA5YTygrOD29vb3w8PCVlZV/cTYbFQtpSRseHh5mZmaHh4c4ODj71635w37848bpuDFiTxqPciM/MxNOPxXBmSulgyVvWhxAOR7dry6ffiMpJhg2R09qj594o7Voi5uMv9ac1u9PanYnJydVVVX4uWf96dH6z5v3s1X+9er6z54WYm93AAATuUlEQVR4nO2d7X/aRhKA0XIWEggIDpYMlmwofiO2MbbrxK5j3Nh1Epxr0kvrXi693vUuTe/S3P//+XZmJdDLCoRWguN+zIfEvIl92NmZ2dnZVeYP/++S+X+XBeH8y4Jw/mVBOP+yIJx/WRDOvywI518WhPMvC8L5lwXh/MuCcP5lQTj/siCcf1kQzr8sCOdfFoTzLwvC+ZcF4fzLgnD+ZUE4/7IgnH9ZEM6/LAjnXxaE8y8LwvmXBeH8y4Jw/mVBOP+yIJx/mT5huTzd75s+4f56e6rfN23C8j4hF+o0v3HahNUiIeSoMMVvnDKhuk4Byc/T/MopE7YJyv4UrU36hOV2ezDu1EeE5O8JqVSdZwqZ45RpUycs7BKy5Yy7Y9p/T3+i/6zb0Or2z+Qy3VGZOiF0G7lpY0ep5/Tvtyvf039ZJ6pboLPpeo/0+3AfR96RWi6o8OcPK0vQiTcZ+rh9Bi+dpes80ifcZsbl/Ojokv5XfLu0tPKU/nGxf7TOXllPdyCmb2ls82nLVytLVO7dT+3O+TjMqBeEfP8jg9lhgEtLf2GPi/D8RrrfPwVCamruV/789P7+6Z+XbMCllZ9++PH++3dLVF/P5t1bYCSae7sCsuQS9sRy6sNwGjENOMGflrjyNv1hOA3CaoWQdys8wJV3qXvDhAkLqrrRrmZU1dMtZer1nvIJqcHZ8XjDQllVq+1qmXrPpBqVHGGhcLx/vnNS7F+8f3RUdbUQTM0On/DQOwzLme2tm4s+vcTZ+u5GQuMzKcJC+ei928ldbg/6pnBEH3OH4U+eYViubp24rlBZbycS7CREqO46jcs7LTxvu+Ptrzid6B2GdnjnvsR6JgFdTYaw/AhbtNyyDF1vdnvYxsquM4EgfFMD0duZzVBo3+AlSq26oRv1tRqLEBKYWiVCuIERdK+pyYoiSYoiK9YyTnQZokpf/svKiu0S3759u2Q/KBLykiEUjiG7ke/o9BISvYSsmXs5uMS2sKYmQggj8LCJbbNFUVpDREhd3H/17ofv7w/7RZLPk2L/5P7Hp399NyAotKHXD3R5eAVJNnuIKKqoCRCqMGc4MF18IFodGr2rltXq7jkJlcujY3AuO/TPjuy/xBrouqi/FCcsg6k8kCW/yE2KWNle/zkcz6HchWHc0QKX0LpEfPooTgj5wRMz0DraPstFkT8sdfa6VpNaIipG3Vpr1ZaLrjfUNIVziQ595UjM2ggTopGvB1qnaHrrym58rrdX1zVNpnZIcYapIsvUmjStjvOmYq/OYZSpE9oRa6A4Ie2Iml9HFbl5Z/fdwZpBYTj9w0hl2bR6h+y9y5YUuBDogVhsLkqISQpfFypy/YC1udSl5p8P5367VG8wL3+4pvjfTukfCY1EYULIlnlbpRmMr9/SeWMrBNIqsQ91vf0t05FYnCkhJAhrbiso6w1s6lU3oHJjIJs99sG6+3OopkIOQ5jwDBzZsEFaF0ORa0uJ2H0uGM1gjD3TdcEmfeJ4loRlGs+0Bg2SddS1QyuqegYYMR7NW0Ot0IlgXCNM6O5DuYsGozOZfnoY5fo1XOJOcn6imROqdErQYECKgkpWMoLBySSMUgfVoGlftD5zLaUB1yEiyQb++nvxFNQlsoETky67KsSmQi0U9hYQlerQlDqYmGsjtoIORZHQHKPyaweikalwTFMlaGowSCY9SbQDmbCQtkYvZtD/92ca06BDLJraHmpoAh3IRG5CJFcytYaoO0wgLoWwrQOjhVhCJsYrig4heQnsjFjQlsDsSbXnt/lmYj2IiJId24qmjBOY47dxmpdPwsZ4hU1PRKsakshibCXfgygKBDjC5UUJZDFwkTcFQIoIivpy5lkMVNJ6GoCSZIK5OZqxpYHA1I4/khfFhED3eKb+EMu4OGmypBBh8tTnr4NXo4ELEqI3vEpHRVEwLr3k6Gn5ZcQphyDhBg1GK3oyoRpfNPAZvGLGnyOuj4sRYsGTlWIXUjGpJStWA1+9USQ3kUyQECHq6F26gCxTE4zcIOKPVKci1ofvqavnpbsTFa3HsadQEBgtGy5CiHPDtZS7kAq4jBsfDC4HvY9iaoQIK9SOpmllbJH3AonvwjEhfxssUKZFWOavWKQhdLK44+3EHUIe/A1W79IkzJzQCVxqvt4tctfbieXMDSF/f/A1fXYrM64wJT4hrhtOpwsl6dqVrSlgWcSvHx48+BpSQ+frW2kRUkW5mkoX2pGNbU6P9yES/vIByNfPcAo5cnEqNiH6QmtKXShJjk+0Mwq/fEDCD7/Ag7ORWYCIhIW2/yoQzvRT94WOwBIUFvirWPZBcr8g4d9h/jimsCgiYTtP/IET8SzJsHbwWzey6dGexTkGRqfV7aP997aa0h7sjy1HiUYIKumN5DGmaHqV1LwrcuS6OwJRXrvmfeYuoBwynQuzOLRQKKvbFxTxw4McybXHOv3ohN68LMQUJ147I/dInicjDC7tGv5Hev5fBb2+ax8KVdavv4y0ZhORcN8fN22cBJRUucrneELWwgm7hPuRfD9gpA2vzazmyDevIqVSoxHCCpMn+OUt31NrwO8QI9ziGiEf8Y9w+P08Mwz0xpEWpSIRQhRIXavrB4Pl+4AlVVoljtRGRQVyvcb7TIvzzgYhF+5G0aG4k1jkXb4hr770xLnQqQcBTZI1noz0mQr3Ixzb5F/QhwRRpHx/BMJCmVqVf3z4hpD1DbXAfjY1n+Q6TCTRvdkMGCdbicwPC+ox7a9nNEL6SK3n5T6bdR5PMSa1Rcu5NsFlcJIfKeE/hrDc3oWp5jMIIP45DALRG+pTBZS0mtcUqBF3244mxFk8OleMcz/COgKMBfAe/ekCSnLLW9hf2N6PwBeRMPcPQITp2Dmzz+pLamimq6SSQucXfXfoWIi2KDVOS4+3cVPdr1RJc7CEYBsa+lwg7PC2J7RaL+77sSojxlriOEsDUSBshPzywzNXzqB8Fgy7vc2x9vYmWVCUjb09awyhEa/uJIo/LGDSYLh5NwMJZ1clVFBMLI1qRZ4f4wyXXI2ejOn5WLVD0aK2as63QEIfd8O1Sq5BuJmPPEGmCggh7ZihDYQxSk2jEWJazdWFmdHzeyOPMXg+UFkbItoBi9lHOyC9GOs0hogz4KovGzKSkM6J2AzhKhqgpB3ahCODCLOfJiGkR9x2bDRh7D40Rr0rXUKYS7h90WgtlQ+wE6OPQ4u9vzR6HKaqpeD63YSjLY2kYxFf9KVhGXfYXI+OA1O1NHROf4lZDGdleYy3UKRupxUsz8A9CCCBAmK52epYY4riUvUWGXb4UeHccbnU4zdGVuH7YxQFNmvVu61G767XaFl1U/O9Pj4GStHjD6RatPNRuLbVbxmRakkBTjK6DfcOGUIOO5YhacHeDL9MSlGbR9pORk9l+w1JqWuGbhahL5gm7gDqtg4OCU+ua7Q3YZ+QaUqBjRZekWWoHeasdidKiDMNzEfhLguUfK/O1S+t2SlV8jysIu/JfO6gE1o9TXXAWKvBxXZi1LhN1IewE/asXCiwGXDfbl2/Y8i+DlD0gyDFw29vT7NMTm+/fR18A7f+VqHDt+NswT2PUR4VmbCgViGbQcj7o22WfLPqNadtPm1VDH9H/fbi9HnWK89vXzz0vcsfelPzo3drrmtFSszEJdylk146h/oVvuimUCZQs67pa87WM3JXlwaQJg67149ffEHl9jQA58I8vb2FN714/BF/KffPpEn1zvIArgJaEeeQsIiEGHqTZ3Sq/w0oSxmyibAZSJaNjmNFqLYycwELReTVaSgWX27hGnZ6nJopvXs37LzlTl2KaUojxzS7+E04D36/684Iw86zu4G2rpnUgZjwZ3i/hckp/VRRQ8PSbJWGqnmwRn85BTZbxjoFLaqWFsrtox0ch48gk+HJ6lNj0B20qGZJkLv9YmLAbPZbuKamW72hDV5uWJK9vfsqZsX3BLa0gHu27XRXte+J2xTFaDnaegiDJwYgduLdwQAvX9ozhmPblxBOhZBZULsOCaKaQ48Dk5X68Mf/GIcw6zKruYaluwM7zHPEqmmfyB+CfbG/Bb2/b1GJDsmu7QcfxiLMOZ1Ho3ZfGKENVkhTJaT2ZRg3EV66TZGZtv4WixDPVbjr6sEoCRNt8Q6UnIxwl5w4f+MisB8Q9Ql+7niEr2BjPzeaBweUjxGUTkpIEQfTl/BqE7B6f4xF+NG349Z1zTy/UjhxQvdpKuWLsKIvaksfxyJ8HUaIZV8x91nGr4kqhFV9Qcz2bSzCh9zjJ+wf7X3MTQkClXsbfX6DoGw5HuFvhJ+MwvXfuAfXilRfbvE70czFJXxMpxe8HlSoVlzE3XQhVAXNr6DVKwKEyxxA9Paxj44QqhGGCUew4gkIXyRJaFaGpy1NlxArdYOV7GJaKmuBg3ga8Q2pKCH6xJ47/gaB7HscwtvHENP0acjmScBhji2mLxQmZFlFe0eJIst1a23NamqxPP4LV9h95TmTgf5geYF9pInsCsLus5ysTZFavuKEfKfEK1eDBWTcbSFyzJDozi6Y+9PIRraWvU2cbIp/y+YUV41Op8ZSeHlbMzCaORfZKCu8Ow9ywy3pjvhkImOKPZjfoxNCmQbedXbCyR7Eb1g5m4sXcidEiAXtdpb3oFvXjXrreuJOxA8PjmxRtCZm8KCqDOIjwSPbxPfjt+2J/Z2Bdh6mwfDwVXREyM/U3P5BkbAbqaJC+ifKxpg0CTMqVhXlXOZPNjBlcxsR8Dl9b8XnVdEH5nUwXoIHDiSxWx3UdNlzIKCiYz7idTTGL3iRkQwjG7TjZuanCqKpOfSdKYgWEFT1cQTIh3CwhhQQlro7Ez4LO5HTzPKBOmdt6DxePX5xe/qcNyqfPz+9fYGBTC8478VQBk6nnznhGeHtk2VFTi7Jvfr4+vXDobx+/fFVbvAqryZAYx5IIF5LhBC7kJfLgNxYY++KRJMmb1nNYK8JHpsoSoiBKa99kHcoabJuNUr9kXCH1/QfbkGbZoeBsz3bZCOkC7F5FVxmkU293m11GrXS1fJQrkq1Rmuv29Tx4CsuoWKfnSmop2KEGJZyd/3gCtugrXjSpb8en1WdwC4Dvzd0PmbHErOMadBVcOt80NSMLOJy3hhOKLMANXaWLQlC2NbBL9VSumED1I/RCd3xjtcQDkzFCOHuHPxaYRxEUfYrYMFXCCFMLMBnzG72hMOQX54XmRA7KkSdYWbRqAmaUzHC/dDWIWEULcXYJaSIESKjK7iQyIltQoToDUOWUqBreCcDB97YDIlpJBZ+98Giipy6J0ZIQ7ZrPiHa0lzNksYW5OmhYxnHaN6kmLmZZaIuQo82QX9IcMHTGFGfB0V9Od42OHYR2DhqCKw7CRPCUd4hP782qJeigVmja5gKcA5I8bhrzdStVgnc+mEIP7ocwaMThQjBWYQU0sLO5KthoQ3Jle46XavehDJEUzealtXquSoW+dtMmbkyhzcYmAlhyC5EKMpuaJpkNXxpxqBUQk0NcznwY8Up2UuCEKpPQs6nMezuVWRJ7zaucny4/GFtrw7VzfxNVIxQKwkFbikRehw+NSd602o1asu5ik2WPyn1Ot2mAaNTLrFpyCjCnf85Qow23SH5oIhdMk3TW8+OcRs3/MFooDlrQv44hNWZ5agl3KDRnEwNILb6LVmJXSwkThhuS2Hi04i6Ow9MSYW/10LW6DjOzdCWhvtDaW0tIp+dewzdvoFh3az8IcQ0YXub3GHM6gi8VXMVD/PKhW0+xGEqcKK3cFwaPMEiIE++cyNuvvnTpuuhmf3XKkKEKYNcFLuBsBjho9DZqxvpT1kX4eqTLGVyv5g1V2HpPySuQRVen9XcIrQsyi2r32Wz/xn22ua/s9nPA8LVf2Wz2X9vYojNP/oN19dmNgNGYzrOZK5+phBPHCbgzWbfOMSb8GL20yZ4F3LHUXgZInihg3YFs4k7hBRHA26+AYbh0EMkR083/8NWMEzFyHOHIq7iz3INGAu/Rp2SRCXrQXrDHn5GYhiTWdanMqZ/fbtmFBPnYDNdA26HT+7sLvzkQfo9O2CS2Jhk8mSVreUcNoeJD0W2cEFgtmvAasjdtoaEn22GT14k6FQ2JrO2FrOj+cld0wlg7XvrCAIKr67h/YyDq2uOv0dbycTVoXanrrrWEqXhPb6KvU6r1bE3cFQinP2YLiHbLuS/Z4BStxOJ4O6Gemm610ffOGMSBfyJHNzxdlkVvgFiInd/oC7Dc4gc7OBhs/ZNF8QTFy7qrfsBukjFV3h0fpzAfToTqFTAm09W9kzN2ZUF+T+25uYaadSx/54dIczYKrAzs0/ypHKVwBBESYAwc4k/eO6uC+lvs97B+iHsQ1+vjRLHY+KCI+ybzYsfqY+SBKF6NNgNlHMSMsx5r34ej+aoqTscB1kWXJFxJAnCTKG6XvGZCFyJWB2plz753TvHgnDtYvxXj5dECGk3tvfPBnSVAeGn8WAD+eQjhKqoJG4snxAhdRtqdXv/5aNH60fHxzGGoTt0ZYQwZxQKSG1JjDDDTlxSy4XykDD6MAwMRMwkCt9INpMsoSPtAeEEgBjWeIIGksyd5dMgrDpJRnM8lku8poadOpuAMU2D8A9O6uzJeCyXfOc1NbpYim3YGvFLBES1/eFEzoKGpl5C2BEe7Q4WoyUtwsbkhG98poYIJYIHkhZhb3It9RFqRLw+GCQVwoqzU3IiQp9D1CoJlF5mUiI8sVfmJ/KHAcL/5T7csSdPnjnupIRSUpbmvy5kAlc35Y6iAAAAAElFTkSuQmCC', 'Y', now(), now());




-- interest_gongguiljeong
--
-- insert into interest_gongguiljeong (interest_gongguiljeong_id, user_id, gongguiljeong_id, status, create_date, update_date)
-- values (1,1)